strategy,gene,median_IgAN,median_IgAVN,median_difference_IgAN_minus_IgAVN,raw_p,cliffs_delta_IgAN_vs_IgAVN,FDR_within_strategy,predefined_focus_gene
raw_log2,VTN,2.321928094887362,4.754887502163468,-2.432959407276106,0.04797979797979798,-0.7142857142857143,0.1676535469638918,False
raw_log2,HLA-DQB1,6.754887502163468,6.700439718141092,0.05444778402237649,0.5303030303030304,-0.2571428571428571,0.6384638463846386,False
raw_log2,KIT,4.700439718141092,6.94251450533924,-2.242074787198148,0.07323232323232323,-0.6571428571428571,0.20424427763877306,False
raw_log2,LAG3,3.169925001442312,3.9068905956085187,-0.7369655941662066,0.148989898989899,-0.5428571428571428,0.27121514546664255,False
raw_log2,SOCS3,6.672425341971495,6.94251450533924,-0.2700891633677447,0.5303030303030304,-0.2571428571428571,0.6384638463846386,False
raw_log2,TCF7,5.977279923499917,5.285402218862249,0.6918777046376681,0.638888888888889,0.2,0.7329140461215933,False
raw_log2,IKBKB,6.741466986401147,8.558420713268664,-1.8169537268675162,0.10606060606060606,-0.6,0.23030303030303031,False
raw_log2,KLRC2,3.169925001442312,4.247927513443585,-1.078002512001273,0.10606060606060606,-0.6,0.23030303030303031,False
raw_log2,ITGA6,7.022367813028454,9.948367231584678,-2.9259994185562235,0.030303030303030304,-0.7714285714285715,0.14622414622414623,False
raw_log2,CXCR4,7.1799090900149345,7.78135971352466,-0.6014506235097254,0.10606060606060606,-0.6,0.23030303030303031,False
raw_log2,NFKBIZ,7.515699838284043,8.154818109052105,-0.639118270768062,0.3434343434343435,-0.37142857142857144,0.45791245791245794,False
raw_log2,ATG5,5.357552004618084,8.271463027904375,-2.913911023286291,0.030303030303030304,-0.7714285714285715,0.14622414622414623,False
raw_log2,MAPK14,7.129283016944966,9.774787059601174,-2.6455040426562073,0.04797979797979798,-0.7142857142857143,0.1676535469638918,False
raw_log2,IL32,11.718104713121757,12.33734314727405,-0.6192384341522921,0.7550505050505051,-0.14285714285714285,0.8256667393358041,False
raw_log2,CFB,8.022367813028454,8.79766152585376,-0.7752937128253059,0.3434343434343435,-0.37142857142857144,0.45791245791245794,True
raw_log2,CXCL1,5.247927513443585,5.247927513443585,0.0,0.8762626262626263,-0.11428571428571428,0.9169839531285314,False
raw_log2,CEACAM1,5.584962500721156,7.330916878114617,-1.7459543773934607,0.148989898989899,-0.5428571428571428,0.27121514546664255,False
raw_log2,C8A,2.0,2.584962500721156,-0.5849625007211561,0.20202020202020204,-0.5142857142857142,0.3190345008526827,False
raw_log2,CFP,3.4594316186372973,4.247927513443585,-0.7884958948062879,0.3434343434343435,-0.37142857142857144,0.45791245791245794,False
raw_log2,LILRA5,3.4594316186372973,3.9068905956085187,-0.4474589769712214,0.638888888888889,-0.22857142857142856,0.7329140461215933,False
raw_log2,IL10RA,6.539158811108031,7.2384047393250786,-0.6992459282170476,0.20202020202020204,-0.4857142857142857,0.3190345008526827,False
raw_log2,IL17A,2.0,2.321928094887362,-0.3219280948873622,0.26767676767676774,-0.45714285714285713,0.37586021881633896,False
raw_log2,TP53,6.658211482751795,8.807354922057604,-2.149143439305809,0.10606060606060606,-0.6,0.23030303030303031,False
raw_log2,MAPK1,7.857980995127572,10.552669097514272,-2.6946881023867,0.01767676767676768,-0.8285714285714286,0.14329966329966332,False
raw_log2,CCRL2,3.9068905956085187,5.426264754702098,-1.5193741590935792,0.030303030303030304,-0.7714285714285715,0.14622414622414623,False
raw_log2,BTK,4.087462841250339,4.169925001442312,-0.08246216019197306,0.4318181818181819,-0.3142857142857143,0.546969696969697,False
raw_log2,KLRK1,5.0,5.0,0.0,0.5303030303030304,-0.2857142857142857,0.6384638463846386,False
raw_log2,TICAM1,6.768184324776926,8.558420713268664,-1.7902363884917376,0.148989898989899,-0.5428571428571428,0.27121514546664255,False
raw_log2,CMKLR1,5.78135971352466,7.199672344836364,-1.4183126313117045,0.10606060606060606,-0.6,0.23030303030303031,False
raw_log2,ARG1,0.0,1.584962500721156,-1.584962500721156,0.005050505050505051,-0.9428571428571428,0.14329966329966332,False
raw_log2,IDO1,3.169925001442312,4.087462841250339,-0.917537839808027,0.5303030303030304,-0.2857142857142857,0.6384638463846386,False
raw_log2,IL17B,2.321928094887362,2.807354922057604,-0.485426827170242,0.5303030303030304,-0.2571428571428571,0.6384638463846386,False
raw_log2,TNFRSF13C,5.0,4.247927513443585,0.7520724865564148,0.638888888888889,0.2,0.7329140461215933,False
raw_log2,CD6,4.087462841250339,4.087462841250339,0.0,0.8762626262626263,-0.11428571428571428,0.9169839531285314,False
raw_log2,CTSG,3.0,3.321928094887362,-0.3219280948873622,0.5303030303030304,-0.2571428571428571,0.6384638463846386,False
raw_log2,BAX,6.832890014164741,9.333155350310616,-2.5002653361458744,0.04797979797979798,-0.7142857142857143,0.1676535469638918,False
raw_log2,KIR_Inhibiting_Subgroup_1,2.321928094887362,2.584962500721156,-0.2630344058337939,0.5303030303030304,-0.2857142857142857,0.6384638463846386,False
raw_log2,NOTCH2,7.118941072723508,9.80896417491926,-2.6900231021957532,0.07323232323232323,-0.6571428571428571,0.20424427763877306,False
raw_log2,TNFRSF4,2.321928094887362,2.807354922057604,-0.485426827170242,0.26767676767676774,-0.45714285714285713,0.37586021881633896,False
raw_log2,TGFBR1,6.475733430966398,9.3151495622563,-2.8394161312899024,0.148989898989899,-0.5428571428571428,0.27121514546664255,False
raw_log2,C7,10.52061868055628,12.58261245126702,-2.061993770710739,0.10606060606060606,-0.6,0.23030303030303031,False
raw_log2,CD40,4.906890595608519,6.78135971352466,-1.8744691179161412,0.148989898989899,-0.5428571428571428,0.27121514546664255,False
raw_log2,CCL15,5.321928094887363,7.312882955284356,-1.990954860396993,0.030303030303030304,-0.7714285714285715,0.14622414622414623,False
raw_log2,ICAM3,6.409390936137702,8.204571144249204,-1.7951802081115025,0.10606060606060606,-0.6,0.23030303030303031,False
raw_log2,SKI,7.219168520462161,9.873444112515376,-2.6542755920532146,0.07323232323232323,-0.6571428571428571,0.20424427763877306,False
raw_log2,ATG10,4.459431618637297,6.965784284662087,-2.5063526660247897,0.030303030303030304,-0.7714285714285715,0.14622414622414623,False
raw_log2,C4BPA,1.584962500721156,2.584962500721156,-1.0,0.26767676767676774,-0.45714285714285713,0.37586021881633896,False
raw_log2,C8G,3.0,4.0,-1.0,0.10606060606060606,-0.6,0.23030303030303031,False
raw_log2,ABL1,6.339850002884624,9.044394119358454,-2.70454411647383,0.030303030303030304,-0.7714285714285715,0.14622414622414623,False
raw_log2,IL1RL1,5.247927513443585,8.194756854422248,-2.9468293409786632,0.010101010101010102,-0.8857142857142857,0.14329966329966332,False
raw_log2,PDCD1,3.807354922057604,3.807354922057604,0.0,0.8762626262626263,-0.11428571428571428,0.9169839531285314,False
raw_log2,CTNNB1,8.758223214726724,11.724087461793989,-2.9658642470672643,0.030303030303030304,-0.7714285714285715,0.14622414622414623,False
raw_log2,MAP4K2,5.882643049361842,8.038918989292302,-2.1562759399304605,0.04797979797979798,-0.7142857142857143,0.1676535469638918,False
raw_log2,RELA,5.044394119358453,7.6653359171851765,-2.620941797826723,0.04797979797979798,-0.7142857142857143,0.1676535469638918,False
raw_log2,CCL22,3.169925001442312,3.4594316186372973,-0.28950661719498516,1.0,-0.05714285714285714,1.0,False
raw_log2,IKBKE,5.672425341971495,6.672425341971495,-1.0,0.20202020202020204,-0.4857142857142857,0.3190345008526827,False
raw_log2,AICDA,1.0,3.0,-2.0,0.030303030303030304,-0.7714285714285715,0.14622414622414623,False
raw_log2,THY1,8.839203788096944,10.987264012072538,-2.1480602239755946,0.04797979797979798,-0.7142857142857143,0.1676535469638918,False
raw_log2,LIF,6.285402218862249,6.714245517666122,-0.42884329880387373,0.7550505050505051,-0.14285714285714285,0.8256667393358041,False
raw_log2,MRC1,6.266786540694901,8.276124405274238,-2.0093378645793374,0.04797979797979798,-0.7142857142857143,0.1676535469638918,False
raw_log2,CD40LG,4.523561956057013,3.807354922057604,0.7162070339994089,0.7550505050505051,0.14285714285714285,0.8256667393358041,False
raw_log2,MALT1,6.169925001442312,8.257387842692651,-2.087462841250339,0.030303030303030304,-0.7714285714285715,0.14622414622414623,False
raw_log2,IL1RN,3.0,3.807354922057604,-0.8073549220576042,0.3434343434343435,-0.4,0.45791245791245794,False
raw_log2,CXCL9,4.857980995127572,5.20945336562895,-0.35147237050137825,0.7550505050505051,-0.14285714285714285,0.8256667393358041,False
raw_log2,HFE,3.169925001442312,5.906890595608519,-2.7369655941662066,0.04797979797979798,-0.7142857142857143,0.1676535469638918,False
raw_log2,CCL7,2.0,2.0,0.0,1.0,-0.02857142857142857,1.0,False
raw_log2,ZAP70,6.0,5.459431618637297,0.5405683813627027,0.8762626262626263,0.08571428571428572,0.9169839531285314,False
raw_log2,IL2RG,6.357552004618084,6.149747119504682,0.20780488511340156,0.8762626262626263,-0.08571428571428572,0.9169839531285314,False
raw_log2,MAPKAPK2,5.882643049361842,7.832890014164741,-1.9502469648028997,0.04797979797979798,-0.7428571428571429,0.1676535469638918,False
raw_log2,PTGS2,3.584962500721156,5.554588851677638,-1.9696263509564815,0.030303030303030304,-0.7714285714285715,0.14622414622414623,False
raw_log2,IKZF1,3.584962500721156,3.9068905956085187,-0.3219280948873626,0.5303030303030304,-0.2571428571428571,0.6384638463846386,False
raw_log2,LEF1,5.554588851677638,6.129283016944966,-0.5746941652673287,0.26767676767676774,-0.45714285714285713,0.37586021881633896,False
raw_log2,MUC1,7.882643049361842,11.078817949961978,-3.1961749006001368,0.04797979797979798,-0.7142857142857143,0.1676535469638918,False
raw_log2,C9,3.169925001442312,4.169925001442312,-1.0,0.148989898989899,-0.5428571428571428,0.27121514546664255,False
raw_log2,PSMC2,7.149747119504682,9.64745842645492,-2.4977113069502375,0.030303030303030304,-0.7714285714285715,0.14622414622414623,False
raw_log2,IL4R,6.491853096329675,8.573647187493322,-2.0817940911636468,0.030303030303030304,-0.7714285714285715,0.14622414622414623,False
raw_log2,TAL1,3.321928094887362,5.807354922057604,-2.4854268271702415,0.01767676767676768,-0.8285714285714286,0.14329966329966332,False
raw_log2,IL28A,2.0,3.321928094887362,-1.3219280948873622,0.148989898989899,-0.5428571428571428,0.27121514546664255,False
raw_log2,LTF,9.00842862207058,8.194756854422248,0.8136717676483318,0.7550505050505051,0.14285714285714285,0.8256667393358041,False
raw_log2,CD36,5.20945336562895,8.584962500721156,-3.375509135092206,0.01767676767676768,-0.8285714285714286,0.14329966329966332,False
raw_log2,CCL26,3.169925001442312,4.754887502163468,-1.584962500721156,0.20202020202020204,-0.5142857142857142,0.3190345008526827,False
raw_log2,MYD88,6.442943495848728,8.618385502258606,-2.1754420064098783,0.04797979797979798,-0.7142857142857143,0.1676535469638918,False
raw_log2,STAT4,4.584962500721156,4.700439718141092,-0.11547721741993566,0.4318181818181819,-0.3142857142857143,0.546969696969697,False
raw_log2,RAG2,2.0,2.584962500721156,-0.5849625007211561,0.26767676767676774,-0.45714285714285713,0.37586021881633896,False
raw_log2,NT5E,6.857980995127572,9.473705749619416,-2.6157247544918443,0.07323232323232323,-0.6571428571428571,0.20424427763877306,False
raw_log2,HLA-DPB1,9.535275376620802,10.381542951184585,-0.8462675745637824,0.26767676767676774,-0.42857142857142855,0.37586021881633896,False
raw_log2,SELPLG,2.584962500721156,4.247927513443585,-1.6629650127224291,0.10606060606060606,-0.6,0.23030303030303031,False
raw_log2,AIRE,2.807354922057604,3.584962500721156,-0.7776075786635519,0.3434343434343435,-0.37142857142857144,0.45791245791245794,False
raw_log2,CCR10,2.0,3.700439718141092,-1.7004397181410922,0.3434343434343435,-0.37142857142857144,0.45791245791245794,False
raw_log2,CCR5,4.754887502163468,4.584962500721156,0.16992500144231215,1.0,0.05714285714285714,1.0,False
raw_log2,KLRC1,3.0,3.584962500721156,-0.5849625007211561,0.26767676767676774,-0.45714285714285713,0.37586021881633896,False
raw_log2,PLA2G2A,2.807354922057604,5.129283016944966,-2.321928094887362,0.148989898989899,-0.5714285714285714,0.27121514546664255,False
raw_log2,KIR3DL3,1.0,1.584962500721156,-0.5849625007211561,0.010101010101010102,-0.8857142857142857,0.14329966329966332,False
raw_log2,CXCR1,1.0,2.584962500721156,-1.584962500721156,0.07323232323232323,-0.6857142857142857,0.20424427763877306,False
raw_log2,TMEM173,6.523561956057013,8.426264754702098,-1.9027027986450848,0.148989898989899,-0.5428571428571428,0.27121514546664255,False
raw_log2,TNFSF12,6.491853096329675,9.14210705730255,-2.650253960972875,0.10606060606060606,-0.6,0.23030303030303031,False
raw_log2,PSMB5,6.392317422778761,9.467605550082997,-3.075288127304236,0.01767676767676768,-0.8285714285714286,0.14329966329966332,False
raw_log2,CD3EAP,4.584962500721156,5.977279923499917,-1.3923174227787607,0.26767676767676774,-0.45714285714285713,0.37586021881633896,False
raw_log2,EDNRB,6.672425341971495,9.174925682500678,-2.502500340529183,0.030303030303030304,-0.7714285714285715,0.14622414622414623,False
raw_log2,CDH5,5.977279923499917,8.417852514885897,-2.4405725913859806,0.04797979797979798,-0.7142857142857143,0.1676535469638918,False
raw_log2,ITLN2,1.0,2.0,-1.0,0.148989898989899,-0.5714285714285714,0.27121514546664255,False
raw_log2,PSMB7,7.400879436282184,11.019590728357882,-3.618711292075697,0.01767676767676768,-0.8285714285714286,0.14329966329966332,False
raw_log2,CD1A,2.584962500721156,3.321928094887362,-0.7369655941662061,0.5303030303030304,-0.2857142857142857,0.6384638463846386,False
raw_log2,CD45RA,5.087462841250339,3.584962500721156,1.502500340529183,0.638888888888889,0.2,0.7329140461215933,False
raw_log2,CISH,6.022367813028454,7.693486957499325,-1.6711191444708708,0.10606060606060606,-0.6,0.23030303030303031,False
raw_log2,FAS,3.700439718141092,5.247927513443585,-1.547487795302493,0.10606060606060606,-0.6,0.23030303030303031,False
raw_log2,IRF3,4.754887502163468,6.727920454563199,-1.9730329523997305,0.04797979797979798,-0.7142857142857143,0.1676535469638918,False
raw_log2,IFNG,1.0,2.0,-1.0,0.20202020202020204,-0.4857142857142857,0.3190345008526827,False
raw_log2,NFKB1,5.044394119358453,6.672425341971495,-1.6280312226130418,0.01767676767676768,-0.8285714285714286,0.14329966329966332,False
raw_log2,MAP4K4,7.129283016944966,8.951284714966972,-1.8220016980220057,0.10606060606060606,-0.6,0.23030303030303031,False
raw_log2,LITAF,7.800899899920305,10.41679752760606,-2.6158976276857544,0.07323232323232323,-0.6571428571428571,0.20424427763877306,False
raw_log2,KLRD1,1.584962500721156,3.321928094887362,-1.736965594166206,0.20202020202020204,-0.5142857142857142,0.3190345008526827,False
raw_log2,CCR8,2.0,2.584962500721156,-0.5849625007211561,0.5303030303030304,-0.2571428571428571,0.6384638463846386,False
raw_log2,IL19,1.584962500721156,2.321928094887362,-0.7369655941662061,0.4318181818181819,-0.3142857142857143,0.546969696969697,False
raw_log2,CFH,7.622051819456376,9.25502856981873,-1.6329767503623538,0.030303030303030304,-0.7714285714285715,0.14622414622414623,False
raw_log2,IL18RAP,3.169925001442312,4.087462841250339,-0.917537839808027,0.10606060606060606,-0.6285714285714286,0.23030303030303031,False
raw_log2,CLEC4A,4.392317422778761,6.475733430966398,-2.083416008187637,0.148989898989899,-0.5714285714285714,0.27121514546664255,False
raw_log2,KLRF1,2.807354922057604,4.700439718141092,-1.8930847960834876,0.04797979797979798,-0.7142857142857143,0.1676535469638918,False
raw_log2,EBI3,1.0,3.4594316186372973,-2.4594316186372973,0.20202020202020204,-0.4857142857142857,0.3190345008526827,False
raw_log2,BCL2,6.882643049361842,8.562242424221072,-1.6795993748592304,0.20202020202020204,-0.4857142857142857,0.3190345008526827,True
raw_log2,HLA-DQA1,7.78135971352466,8.76487159073609,-0.9835118772114306,0.638888888888889,-0.2,0.7329140461215933,False
raw_log2,IL4,1.0,2.0,-1.0,0.07323232323232323,-0.6857142857142857,0.20424427763877306,False
raw_log2,CD70,2.0,2.584962500721156,-0.5849625007211561,0.20202020202020204,-0.4857142857142857,0.3190345008526827,False
raw_log2,CXCL10,4.169925001442312,4.807354922057604,-0.6374299206152916,1.0,0.0,1.0,False
raw_log2,SMAD3,7.643856189774724,9.394462694610317,-1.7506065048355923,0.04797979797979798,-0.7142857142857143,0.1676535469638918,False
raw_log2,NFATC2,6.643856189774724,7.599912842187128,-0.9560566524124035,0.26767676767676774,-0.42857142857142855,0.37586021881633896,False
raw_log2,ITGA2B,3.169925001442312,4.169925001442312,-1.0,0.148989898989899,-0.5428571428571428,0.27121514546664255,False
raw_log2,PIGR,9.654636028527968,11.730894646541671,-2.0762586180137035,0.26767676767676774,-0.42857142857142855,0.37586021881633896,False
raw_log2,CCL16,2.584962500721156,4.906890595608519,-2.3219280948873626,0.030303030303030304,-0.8,0.14622414622414623,False
raw_log2,CCL8,3.700439718141092,4.087462841250339,-0.3870231231092469,0.4318181818181819,-0.3142857142857143,0.546969696969697,False
raw_log2,EGR1,4.643856189774724,6.426264754702098,-1.7824085649273735,0.26767676767676774,-0.45714285714285713,0.37586021881633896,False
raw_log2,XCR1,3.584962500721156,3.9068905956085187,-0.3219280948873626,0.8762626262626263,-0.11428571428571428,0.9169839531285314,False
raw_log2,NCR1,1.584962500721156,2.584962500721156,-1.0,0.20202020202020204,-0.5142857142857142,0.3190345008526827,False
raw_log2,ICOSLG,6.409390936137702,8.535275376620802,-2.1258844404831008,0.04797979797979798,-0.7142857142857143,0.1676535469638918,False
raw_log2,CSF2,1.0,2.0,-1.0,0.148989898989899,-0.5714285714285714,0.27121514546664255,False
raw_log2,ATG16L1,5.643856189774724,8.243173983472952,-2.5993177936982272,0.01767676767676768,-0.8285714285714286,0.14329966329966332,False
raw_log2,KIR_Inhibiting_Subgroup_2,1.0,1.584962500721156,-0.5849625007211561,0.3434343434343435,-0.37142857142857144,0.45791245791245794,False
raw_log2,IL20,2.321928094887362,3.0,-0.6780719051126378,0.20202020202020204,-0.5142857142857142,0.3190345008526827,False
raw_log2,TRAF5,5.321928094887363,7.087462841250339,-1.7655347463629765,0.04797979797979798,-0.7142857142857143,0.1676535469638918,False
raw_log2,CCND3,6.22881869049588,9.0,-2.7711813095041196,0.04797979797979798,-0.7142857142857143,0.1676535469638918,False
raw_log2,CD9,6.794415866350106,10.07815080773465,-3.2837349413845436,0.01767676767676768,-0.8285714285714286,0.14329966329966332,False
raw_log2,PSMB8,7.906890595608519,9.411510988012072,-1.5046203924035533,0.148989898989899,-0.5428571428571428,0.27121514546664255,False
raw_log2,TIRAP,3.4594316186372973,5.700439718141092,-2.2410080995037944,0.10606060606060606,-0.6,0.23030303030303031,False
raw_log2,GFI1,4.247927513443585,4.392317422778761,-0.14438990933517548,0.638888888888889,-0.22857142857142856,0.7329140461215933,False
raw_log2,CLEC5A,3.0,3.700439718141092,-0.7004397181410922,0.3434343434343435,-0.4,0.45791245791245794,False
raw_log2,TLR5,4.321928094887363,6.149747119504682,-1.8278190246173196,0.04797979797979798,-0.7142857142857143,0.1676535469638918,False
raw_log2,IRAK2,4.0,5.857980995127572,-1.8579809951275719,0.04797979797979798,-0.7142857142857143,0.1676535469638918,False
raw_log2,CD74,12.304921669581672,13.31741261376487,-1.012490944183197,0.26767676767676774,-0.42857142857142855,0.37586021881633896,False
raw_log2,TIGIT,3.9068905956085187,3.807354922057604,0.09953567355091453,0.8762626262626263,-0.11428571428571428,0.9169839531285314,False
raw_log2,ITGAX,6.507794640198696,7.098032082960526,-0.59023744276183,0.20202020202020204,-0.4857142857142857,0.3190345008526827,False
raw_log2,CD45R0,7.098032082960526,7.20945336562895,-0.11142128266842377,0.638888888888889,-0.22857142857142856,0.7329140461215933,False
raw_log2,CXCL11,3.321928094887362,3.807354922057604,-0.485426827170242,0.7550505050505051,-0.14285714285714285,0.8256667393358041,False
raw_log2,ITGAL,5.882643049361842,5.857980995127572,0.024662054234269704,0.8762626262626263,0.08571428571428572,0.9169839531285314,True
raw_log2,ENTPD1,4.700439718141092,5.832890014164741,-1.1324502960236495,0.148989898989899,-0.5428571428571428,0.27121514546664255,False
raw_log2,B2M,11.753634618853386,13.89026427702111,-2.136629658167724,0.07323232323232323,-0.6571428571428571,0.20424427763877306,False
raw_log2,TOLLIP,7.383704292474052,10.167418145831737,-2.7837138533576855,0.030303030303030304,-0.7714285714285715,0.14622414622414623,False
raw_log2,IL1R2,3.321928094887362,6.266786540694901,-2.944858445807539,0.010101010101010102,-0.8857142857142857,0.14329966329966332,False
raw_log2,MX1,7.679480099505446,9.144658242831882,-1.465178143326436,0.148989898989899,-0.5428571428571428,0.27121514546664255,False
raw_log2,IRF4,5.584962500721156,5.087462841250339,0.497499659470817,0.8762626262626263,0.08571428571428572,0.9169839531285314,False
raw_log2,TBX21,3.321928094887362,4.0,-0.6780719051126378,0.10606060606060606,-0.6285714285714286,0.23030303030303031,False
raw_log2,IFNAR2,7.0,8.761551232444479,-1.7615512324444786,0.148989898989899,-0.5428571428571428,0.27121514546664255,False
raw_log2,TLR4,6.169925001442312,8.076815597050832,-1.9068905956085196,0.07323232323232323,-0.6571428571428571,0.20424427763877306,False
raw_log2,HLA-DRB1,5.247927513443585,6.303780748177103,-1.0558532347335179,0.4318181818181819,-0.3142857142857143,0.546969696969697,False
raw_log2,PML,7.851749041416057,9.250298417906333,-1.3985493764902754,0.20202020202020204,-0.4857142857142857,0.3190345008526827,False
raw_log2,C1S,8.29920801838728,9.581200581924957,-1.2819925635376777,0.148989898989899,-0.5428571428571428,0.27121514546664255,False
raw_log2,BATF3,4.087462841250339,5.523561956057013,-1.436099114806674,0.148989898989899,-0.5428571428571428,0.27121514546664255,False
raw_log2,CD80,2.807354922057604,3.807354922057604,-1.0,0.10606060606060606,-0.6,0.23030303030303031,False
raw_log2,KIR_Activating_Subgroup_1,1.584962500721156,2.321928094887362,-0.7369655941662061,0.5303030303030304,-0.2857142857142857,0.6384638463846386,False
raw_log2,PECAM1,7.9886846867721655,10.405141463136344,-2.4164567763641784,0.01767676767676768,-0.8285714285714286,0.14329966329966332,False
raw_log2,NFKB2,6.820178962415188,8.430452551665532,-1.610273589250344,0.20202020202020204,-0.4857142857142857,0.3190345008526827,False
raw_log2,IRF7,5.700439718141092,6.94251450533924,-1.2420747871981481,0.26767676767676774,-0.42857142857142855,0.37586021881633896,False
raw_log2,IFNGR1,7.813781191217037,10.199672344836364,-2.385891153619326,0.01767676767676768,-0.8285714285714286,0.14329966329966332,False
raw_log2,DUSP4,3.0,4.643856189774724,-1.6438561897747244,0.005050505050505051,-0.9428571428571428,0.14329966329966332,False
raw_log2,HLA-A,10.227615943414223,11.689997971419446,-1.4623820280052229,0.26767676767676774,-0.42857142857142855,0.37586021881633896,False
raw_log2,STAT5A,5.129283016944966,7.459431618637297,-2.330148601692331,0.030303030303030304,-0.7714285714285715,0.14622414622414623,False
raw_log2,HLA-DMB,6.022367813028454,7.643856189774724,-1.62148837674627,0.148989898989899,-0.5428571428571428,0.27121514546664255,False
raw_log2,IL12B,1.584962500721156,2.807354922057604,-1.222392421336448,0.4318181818181819,-0.3142857142857143,0.546969696969697,False
raw_log2,PSMB10,6.700439718141092,7.826548487290915,-1.1261087691498233,0.20202020202020204,-0.4857142857142857,0.3190345008526827,True
raw_log2,PTAFR,5.357552004618084,5.78135971352466,-0.42380770890657615,0.4318181818181819,-0.3142857142857143,0.546969696969697,False
raw_log2,STAT6,9.273795599214264,11.159871336778389,-1.8860757375641253,0.10606060606060606,-0.6,0.23030303030303031,False
raw_log2,CD83,5.087462841250339,7.754887502163468,-2.667424660913129,0.148989898989899,-0.5428571428571428,0.27121514546664255,False
raw_log2,ATG12,3.0,4.247927513443585,-1.2479275134435852,0.26767676767676774,-0.42857142857142855,0.37586021881633896,False
raw_log2,EGR2,3.321928094887362,3.9068905956085187,-0.5849625007211565,0.638888888888889,-0.2,0.7329140461215933,False
raw_log2,ITLN1,2.584962500721156,4.0,-1.415037499278844,0.26767676767676774,-0.45714285714285713,0.37586021881633896,False
raw_log2,IL1RL2,3.700439718141092,5.169925001442312,-1.46948528330122,0.10606060606060606,-0.6,0.23030303030303031,False
raw_log2,IRF8,6.507794640198696,6.409390936137702,0.09840370406099463,0.638888888888889,0.2,0.7329140461215933,False
raw_log2,NCF4,4.906890595608519,5.727920454563199,-0.8210298589546801,0.10606060606060606,-0.6,0.23030303030303031,False
raw_log2,NFATC1,4.459431618637297,6.475733430966398,-2.0163018123291003,0.030303030303030304,-0.8,0.14622414622414623,False
raw_log2,KLRC3,2.321928094887362,2.807354922057604,-0.485426827170242,0.148989898989899,-0.5428571428571428,0.27121514546664255,False
raw_log2,CD86,3.4594316186372973,4.523561956057013,-1.0641303374197157,0.26767676767676774,-0.45714285714285713,0.37586021881633896,False
raw_log2,CD1D,3.321928094887362,4.321928094887363,-1.0000000000000004,0.3434343434343435,-0.37142857142857144,0.45791245791245794,False
raw_log2,CXCL2,5.044394119358453,5.700439718141092,-0.6560455987826384,0.030303030303030304,-0.7714285714285715,0.14622414622414623,False
raw_log2,XBP1,8.060695931687555,9.696967526234287,-1.6362715945467325,0.10606060606060606,-0.6285714285714286,0.23030303030303031,False
raw_log2,CD209,3.9068905956085187,4.807354922057604,-0.900464326449085,0.20202020202020204,-0.4857142857142857,0.3190345008526827,False
raw_log2,TNFRSF9,2.0,2.807354922057604,-0.8073549220576042,0.3434343434343435,-0.4,0.45791245791245794,False
raw_log2,GBP5,4.0,4.087462841250339,-0.0874628412503391,0.7550505050505051,-0.14285714285714285,0.8256667393358041,False
raw_log2,TNFSF11,2.0,2.584962500721156,-0.5849625007211561,0.148989898989899,-0.5714285714285714,0.27121514546664255,False
raw_log2,LCK,5.087462841250339,4.169925001442312,0.917537839808027,0.7550505050505051,0.14285714285714285,0.8256667393358041,False
raw_log2,CXCL13,2.807354922057604,2.807354922057604,0.0,0.7550505050505051,-0.17142857142857143,0.8256667393358041,False
raw_log2,CTLA4-TM,3.0,2.807354922057604,0.19264507794239583,0.8762626262626263,0.08571428571428572,0.9169839531285314,False
raw_log2,IL26,2.584962500721156,2.807354922057604,-0.2223924213364481,0.148989898989899,-0.5714285714285714,0.27121514546664255,False
raw_log2,BCL3,6.845490050944375,8.049848549450562,-1.2043584985061875,0.26767676767676774,-0.45714285714285713,0.37586021881633896,False
raw_log2,IL7R,6.918863237274595,6.794415866350106,0.12444737092448843,1.0,0.02857142857142857,1.0,False
raw_log2,DPP4,6.539158811108031,10.040289721025717,-3.501130909917686,0.01767676767676768,-0.8285714285714286,0.14329966329966332,False
raw_log2,IL6,2.584962500721156,3.321928094887362,-0.7369655941662061,0.5303030303030304,-0.2857142857142857,0.6384638463846386,False
raw_log2,CXCR6,2.321928094887362,3.700439718141092,-1.37851162325373,0.10606060606060606,-0.6,0.23030303030303031,False
raw_log2,CFD,5.523561956057013,6.977279923499917,-1.4537179674429037,0.07323232323232323,-0.6571428571428571,0.20424427763877306,False
raw_log2,CCL4,4.459431618637297,5.491853096329675,-1.0324214776923775,0.148989898989899,-0.5428571428571428,0.27121514546664255,False
raw_log2,DEFB103A,2.0,3.807354922057604,-1.8073549220576042,0.10606060606060606,-0.6,0.23030303030303031,False
raw_log2,LILRA1,3.807354922057604,3.9068905956085187,-0.09953567355091453,0.5303030303030304,-0.2571428571428571,0.6384638463846386,False
raw_log2,NOS2,2.584962500721156,5.087462841250339,-2.502500340529183,0.04797979797979798,-0.7142857142857143,0.1676535469638918,False
raw_log2,SLAMF7,3.807354922057604,3.4594316186372973,0.34792330342030686,1.0,-0.02857142857142857,1.0,False
raw_log2,LTBR,7.800899899920305,10.030667136246942,-2.229767236326637,0.01767676767676768,-0.8285714285714286,0.14329966329966332,False
raw_log2,IRF5,4.700439718141092,6.918863237274595,-2.218423519133503,0.10606060606060606,-0.6,0.23030303030303031,False
raw_log2,ITGA4,5.169925001442312,5.247927513443585,-0.07800251200127306,0.638888888888889,-0.2,0.7329140461215933,False
raw_log2,PDCD2,5.672425341971495,7.491853096329675,-1.8194277543581796,0.04797979797979798,-0.7142857142857143,0.1676535469638918,False
raw_log2,CDKN1A,5.321928094887363,7.727920454563199,-2.405992359675836,0.010101010101010102,-0.8857142857142857,0.14329966329966332,False
raw_log2,IGF2R,6.321928094887363,9.461479447286155,-3.139551352398793,0.030303030303030304,-0.7714285714285715,0.14622414622414623,False
raw_log2,SERPING1,10.169925001442312,11.700439718141093,-1.5305147166987805,0.07323232323232323,-0.6571428571428571,0.20424427763877306,False
raw_log2,PTPN2,5.357552004618084,7.6293566200796095,-2.2718046154615257,0.10606060606060606,-0.6,0.23030303030303031,False
raw_log2,CCR6,3.169925001442312,4.392317422778761,-1.2223924213364485,0.20202020202020204,-0.4857142857142857,0.3190345008526827,False
raw_log2,HLA-DRA,10.004220466318195,11.413627929024173,-1.4094074627059783,0.148989898989899,-0.5428571428571428,0.27121514546664255,False
raw_log2,GPI,8.689997971419446,11.243173983472952,-2.5531760120535054,0.01767676767676768,-0.8285714285714286,0.14329966329966332,False
raw_log2,CD46,7.906890595608519,11.025139562278508,-3.118248966669989,0.01767676767676768,-0.8285714285714286,0.14329966329966332,False
raw_log2,RORC,4.523561956057013,8.066089190457772,-3.542527234400759,0.01767676767676768,-0.8285714285714286,0.14329966329966332,False
raw_log2,KIR3DL2,2.321928094887362,2.807354922057604,-0.485426827170242,0.20202020202020204,-0.4857142857142857,0.3190345008526827,False
raw_log2,PSMB9,6.727920454563199,8.129283016944967,-1.4013625623817685,0.26767676767676774,-0.42857142857142855,0.37586021881633896,False
raw_log2,PTGER4,5.247927513443585,7.149747119504682,-1.901819606061097,0.26767676767676774,-0.45714285714285713,0.37586021881633896,False
raw_log2,C6,5.169925001442312,6.20945336562895,-1.039528364186638,0.10606060606060606,-0.6,0.23030303030303031,False
raw_log2,TNFSF13B,5.247927513443585,5.882643049361842,-0.6347155359182564,0.26767676767676774,-0.45714285714285713,0.37586021881633896,False
raw_log2,PTPN22,4.247927513443585,4.523561956057013,-0.27563444261342784,0.26767676767676774,-0.42857142857142855,0.37586021881633896,False
raw_log2,PTK2,7.977279923499917,10.76487159073609,-2.787591667236174,0.01767676767676768,-0.8285714285714286,0.14329966329966332,False
raw_log2,LAMP3,3.169925001442312,3.584962500721156,-0.4150374992788439,0.5303030303030304,-0.2571428571428571,0.6384638463846386,False
raw_log2,FCGR2A,5.321928094887363,6.9886846867721655,-1.6667565918848029,0.20202020202020204,-0.4857142857142857,0.3190345008526827,False
raw_log2,IFI16,7.044394119358453,8.43879185257826,-1.3943977332198072,0.26767676767676774,-0.42857142857142855,0.37586021881633896,False
raw_log2,POU2F2,5.129283016944966,5.129283016944966,0.0,1.0,0.0,1.0,False
raw_log2,LILRA2,3.169925001442312,4.169925001442312,-1.0,0.3434343434343435,-0.37142857142857144,0.45791245791245794,False
raw_log2,NOD1,4.700439718141092,6.247927513443585,-1.5474877953024935,0.10606060606060606,-0.6,0.23030303030303031,False
raw_log2,sCTLA4,2.321928094887362,2.0,0.3219280948873622,0.8762626262626263,-0.11428571428571428,0.9169839531285314,False
raw_log2,PDGFRB,7.918863237274595,10.004220466318195,-2.0853572290436,0.07323232323232323,-0.6571428571428571,0.20424427763877306,False
raw_log2,UBE2L3,6.672425341971495,8.515699838284043,-1.8432744963125476,0.04797979797979798,-0.7428571428571429,0.1676535469638918,False
raw_log2,IL27,1.584962500721156,2.321928094887362,-0.7369655941662061,0.26767676767676774,-0.42857142857142855,0.37586021881633896,False
raw_log2,TNFRSF17,3.807354922057604,3.0,0.8073549220576042,0.8762626262626263,0.11428571428571428,0.9169839531285314,False
raw_log2,GBP1,5.20945336562895,7.0,-1.7905466343710499,0.10606060606060606,-0.6,0.23030303030303031,False
raw_log2,CD24,10.837627933171404,12.804534402995225,-1.9669064698238206,0.20202020202020204,-0.4857142857142857,0.3190345008526827,False
raw_log2,IL21,1.584962500721156,3.169925001442312,-1.584962500721156,0.01767676767676768,-0.8285714285714286,0.14329966329966332,False
raw_log2,CD34,4.643856189774724,6.339850002884624,-1.6959938131099,0.04797979797979798,-0.7142857142857143,0.1676535469638918,False
raw_log2,TNFSF8,3.169925001442312,3.700439718141092,-0.53051471669878,0.20202020202020204,-0.5142857142857142,0.3190345008526827,False
raw_log2,C1R,9.189824558880018,10.703903573444663,-1.5140790145646452,0.20202020202020204,-0.4857142857142857,0.3190345008526827,False
raw_log2,C8B,2.0,2.321928094887362,-0.3219280948873622,0.5303030303030304,-0.2571428571428571,0.6384638463846386,False
raw_log2,IL29,1.0,2.0,-1.0,0.638888888888889,-0.22857142857142856,0.7329140461215933,False
raw_log2,IKZF3,4.700439718141092,4.321928094887363,0.3785116232537291,0.8762626262626263,0.08571428571428572,0.9169839531285314,False
raw_log2,GPR183,5.087462841250339,5.0,0.0874628412503391,0.7550505050505051,-0.14285714285714285,0.8256667393358041,False
raw_log2,IL2,2.321928094887362,2.584962500721156,-0.2630344058337939,0.26767676767676774,-0.45714285714285713,0.37586021881633896,False
raw_log2,LAIR1,6.169925001442312,6.954196310386875,-0.7842713089445628,0.3434343434343435,-0.37142857142857144,0.45791245791245794,False
raw_log2,AHR,8.005624549193879,9.44086916761087,-1.4352446184169914,0.20202020202020204,-0.4857142857142857,0.3190345008526827,False
raw_log2,IKBKG,6.149747119504682,7.882643049361842,-1.7328959298571593,0.10606060606060606,-0.6,0.23030303030303031,False
raw_log2,BCAP31,8.67595703294175,11.20212382383046,-2.526166790888711,0.04797979797979798,-0.7142857142857143,0.1676535469638918,False
raw_log2,CD8B,3.9068905956085187,3.700439718141092,0.20645087746742652,0.8762626262626263,-0.08571428571428572,0.9169839531285314,False
raw_log2,CCL24,2.321928094887362,4.523561956057013,-2.201633861169651,0.04797979797979798,-0.7142857142857143,0.1676535469638918,False
raw_log2,CEACAM8,1.584962500721156,2.807354922057604,-1.222392421336448,0.07323232323232323,-0.6571428571428571,0.20424427763877306,False
raw_log2,CD14,7.787902559391432,8.794415866350105,-1.0065133069586736,0.20202020202020204,-0.4857142857142857,0.3190345008526827,False
raw_log2,ITGA5,5.392317422778761,7.906890595608519,-2.514573172829758,0.04797979797979798,-0.7142857142857143,0.1676535469638918,False
raw_log2,CD55,4.169925001442312,6.392317422778761,-2.2223924213364485,0.04797979797979798,-0.7142857142857143,0.1676535469638918,False
raw_log2,CD164,7.693486957499325,10.811374693509942,-3.1178877360106165,0.01767676767676768,-0.8285714285714286,0.14329966329966332,False
raw_log2,ARG2,5.614709844115208,8.59618975614441,-2.9814799120292017,0.01767676767676768,-0.8285714285714286,0.14329966329966332,False
raw_log2,BATF,3.4594316186372973,4.247927513443585,-0.7884958948062879,0.638888888888889,-0.2,0.7329140461215933,False
raw_log2,MSR1,5.523561956057013,7.03342300153745,-1.509861045480437,0.10606060606060606,-0.6,0.23030303030303031,False
raw_log2,CSF1R,3.807354922057604,5.0,-1.1926450779423958,0.20202020202020204,-0.4857142857142857,0.3190345008526827,False
raw_log2,IL5,1.584962500721156,2.321928094887362,-0.7369655941662061,0.07323232323232323,-0.6571428571428571,0.20424427763877306,False
raw_log2,IRAK1,6.614709844115208,8.262094845370179,-1.6473850012549702,0.04797979797979798,-0.7142857142857143,0.1676535469638918,False
raw_log2,IFNB1,2.807354922057604,2.584962500721156,0.2223924213364481,0.638888888888889,-0.2,0.7329140461215933,False
raw_log2,TNFRSF1B,5.247927513443585,6.930737337562887,-1.6828098241193015,0.148989898989899,-0.5428571428571428,0.27121514546664255,False
raw_log2,CASP8,6.189824558880018,8.353146825498083,-2.1633222666180654,0.20202020202020204,-0.4857142857142857,0.3190345008526827,False
raw_log2,IFIT2,5.087462841250339,6.807354922057604,-1.7198920808072646,0.10606060606060606,-0.6,0.23030303030303031,False
raw_log2,LILRB3,4.392317422778761,4.807354922057604,-0.41503749927884304,0.5303030303030304,-0.2571428571428571,0.6384638463846386,False
raw_log2,NLRP3,3.9068905956085187,4.643856189774724,-0.7369655941662057,0.26767676767676774,-0.42857142857142855,0.37586021881633896,False
raw_log2,JAK2,6.714245517666122,9.29920801838728,-2.584962500721157,0.04797979797979798,-0.7142857142857143,0.1676535469638918,False
raw_log2,CSF2RB,5.977279923499917,5.857980995127572,0.1192989283723449,1.0,0.0,1.0,False
raw_log2,CCL3,4.321928094887363,4.700439718141092,-0.3785116232537291,0.4318181818181819,-0.34285714285714286,0.546969696969697,False
raw_log2,CLEC6A,2.0,2.807354922057604,-0.8073549220576042,0.3434343434343435,-0.37142857142857144,0.45791245791245794,False
raw_log2,IL9,1.0,1.0,0.0,0.5303030303030304,0.2857142857142857,0.6384638463846386,False
raw_log2,CX3CL1,5.727920454563199,8.257387842692651,-2.5294673881294525,0.01767676767676768,-0.8285714285714286,0.14329966329966332,False
raw_log2,TNFSF4,2.807354922057604,5.392317422778761,-2.5849625007211565,0.01767676767676768,-0.8285714285714286,0.14329966329966332,False
raw_log2,BTLA,4.169925001442312,4.700439718141092,-0.5305147166987796,1.0,-0.02857142857142857,1.0,False
raw_log2,C2,6.285402218862249,6.820178962415188,-0.5347767435529391,0.148989898989899,-0.5428571428571428,0.27121514546664255,False
raw_log2,IL6ST,9.778077129535358,12.019938156424795,-2.2418610268894366,0.01767676767676768,-0.8285714285714286,0.14329966329966332,False
raw_log2,BCL10,7.348728154231077,9.567956075415466,-2.2192279211843893,0.04797979797979798,-0.7142857142857143,0.1676535469638918,False
raw_log2,PAX5,3.0,2.807354922057604,0.19264507794239583,1.0,-0.02857142857142857,1.0,False
raw_log2,IFNA2,2.321928094887362,2.807354922057604,-0.485426827170242,0.005050505050505051,-0.9714285714285714,0.14329966329966332,False
raw_log2,CD276,7.392317422778761,9.236014191900084,-1.8436967691213235,0.10606060606060606,-0.6,0.23030303030303031,False
raw_log2,CD58,6.20945336562895,8.092757140919852,-1.8833037752909023,0.01767676767676768,-0.8285714285714286,0.14329966329966332,False
raw_log2,FKBP5,6.714245517666122,11.396069557639867,-4.681824039973745,0.030303030303030304,-0.7714285714285715,0.14622414622414623,False
raw_log2,IRF1,6.3750394313469245,7.499845887083206,-1.1248064557362811,0.20202020202020204,-0.4857142857142857,0.3190345008526827,False
raw_log2,ATM,2.584962500721156,4.392317422778761,-1.8073549220576046,0.4318181818181819,-0.34285714285714286,0.546969696969697,False
raw_log2,IL2RB,5.523561956057013,5.044394119358453,0.47916783669855967,0.8762626262626263,0.08571428571428572,0.9169839531285314,False
raw_log2,CCL19,9.233619676759702,6.303780748177103,2.9298389285825985,0.10606060606060606,0.6,0.23030303030303031,False
raw_log2,IFI35,5.672425341971495,6.78135971352466,-1.1089343715531648,0.10606060606060606,-0.6,0.23030303030303031,False
raw_log2,CCL11,4.906890595608519,5.129283016944966,-0.22239242133644765,1.0,0.02857142857142857,1.0,False
raw_log2,HLA-DMA,7.366322214245816,8.867278739709661,-1.5009565254638453,0.148989898989899,-0.5428571428571428,0.27121514546664255,False
raw_log2,LILRB2,4.169925001442312,5.247927513443585,-1.078002512001273,0.4318181818181819,-0.34285714285714286,0.546969696969697,False
raw_log2,KLRC4,3.807354922057604,5.0,-1.1926450779423958,0.10606060606060606,-0.6285714285714286,0.23030303030303031,False
raw_log2,KLRG1,4.087462841250339,4.247927513443585,-0.16046467219324612,1.0,-0.02857142857142857,1.0,False
raw_log2,MAF,5.0,7.918863237274595,-2.9188632372745946,0.01767676767676768,-0.8285714285714286,0.14329966329966332,False
raw_log2,HLA-DPA1,9.853309555403674,10.795227966028678,-0.9419184106250036,0.4318181818181819,-0.3142857142857143,0.546969696969697,False
raw_log2,TNFAIP6,2.584962500721156,3.0,-0.4150374992788439,0.26767676767676774,-0.42857142857142855,0.37586021881633896,False
raw_log2,LTB4R,4.321928094887363,6.409390936137702,-2.087462841250339,0.07323232323232323,-0.6571428571428571,0.20424427763877306,False
raw_log2,IL13,1.0,2.321928094887362,-1.3219280948873622,0.20202020202020204,-0.5142857142857142,0.3190345008526827,False
raw_log2,CD247,4.643856189774724,4.523561956057013,0.12029423371771131,1.0,0.05714285714285714,1.0,False
raw_log2,CASP2,5.78135971352466,8.071462362556623,-2.2901026490319634,0.10606060606060606,-0.6,0.23030303030303031,False
raw_log2,ITGB2,6.857980995127572,7.98299357469431,-1.1250125795667385,0.26767676767676774,-0.42857142857142855,0.37586021881633896,False
raw_log2,TAPBP,7.813781191217037,10.193525360501216,-2.3797441692841783,0.148989898989899,-0.5428571428571428,0.27121514546664255,True
raw_log2,IL1R1,6.700439718141092,8.005624549193879,-1.3051848310527872,0.07323232323232323,-0.6571428571428571,0.20424427763877306,False
raw_log2,C1QBP,8.179909090014934,10.782179193831208,-2.6022701038162737,0.030303030303030304,-0.7714285714285715,0.14622414622414623,False
raw_log2,PTPRC_all,7.6293566200796095,7.813781191217037,-0.18442457113742794,0.7550505050505051,-0.14285714285714285,0.8256667393358041,False
raw_log2,S100A9,6.491853096329675,6.794415866350106,-0.3025627700204314,0.4318181818181819,-0.3142857142857143,0.546969696969697,False
raw_log2,MAPK11,3.4594316186372973,5.930737337562887,-2.4713057189255894,0.01767676767676768,-0.8285714285714286,0.14329966329966332,False
raw_log2,GP1BB,3.321928094887362,5.129283016944966,-1.8073549220576042,0.030303030303030304,-0.7714285714285715,0.14622414622414623,False
raw_log2,CLU,2.584962500721156,3.169925001442312,-0.5849625007211561,0.10606060606060606,-0.6285714285714286,0.23030303030303031,False
raw_log2,MBL2,1.584962500721156,1.584962500721156,0.0,0.7550505050505051,-0.17142857142857143,0.8256667393358041,False
raw_log2,FCER1G,6.539158811108031,7.199672344836364,-0.6605135337283334,0.20202020202020204,-0.4857142857142857,0.3190345008526827,False
raw_log2,C1QA,6.741466986401147,7.870364719583405,-1.1288977331822574,0.20202020202020204,-0.4857142857142857,0.3190345008526827,True
raw_log2,SLC2A1,3.807354922057604,6.22881869049588,-2.4214637684382763,0.04797979797979798,-0.7142857142857143,0.1676535469638918,False
raw_log2,VCAM1,8.204571144249204,9.527477006060396,-1.3229058618111917,0.26767676767676774,-0.42857142857142855,0.37586021881633896,False
raw_log2,IL18,5.857980995127572,7.562242424221073,-1.704261429093501,0.07323232323232323,-0.6571428571428571,0.20424427763877306,False
raw_log2,KLRAP1,2.807354922057604,4.0,-1.1926450779423958,0.10606060606060606,-0.6285714285714286,0.23030303030303031,False
raw_log2,CCL18,3.700439718141092,3.4594316186372973,0.24100809950379487,0.7550505050505051,0.17142857142857143,0.8256667393358041,False
raw_log2,IL1RAP,4.247927513443585,6.6293566200796095,-2.3814291066360243,0.030303030303030304,-0.8,0.14622414622414623,False
raw_log2,NOD2,3.0,4.087462841250339,-1.087462841250339,0.26767676767676774,-0.45714285714285713,0.37586021881633896,False
raw_log2,TGFB1,6.459431618637297,8.129283016944967,-1.66985139830767,0.148989898989899,-0.5428571428571428,0.27121514546664255,False
raw_log2,NFKBIA,8.599912842187127,11.26502894245816,-2.6651161002710335,0.01767676767676768,-0.8285714285714286,0.14329966329966332,False
raw_log2,HRAS,5.20945336562895,7.672425341971495,-2.462971976342545,0.010101010101010102,-0.8857142857142857,0.14329966329966332,False
raw_log2,DEFB103B,1.584962500721156,3.0,-1.415037499278844,0.07323232323232323,-0.6571428571428571,0.20424427763877306,False
raw_log2,ADA,4.0,5.584962500721156,-1.584962500721156,0.07323232323232323,-0.6857142857142857,0.20424427763877306,False
raw_log2,TAGAP,4.954196310386875,5.0,-0.04580368961312509,0.8762626262626263,-0.11428571428571428,0.9169839531285314,False
raw_log2,ICAM1,6.066089190457772,8.0,-1.933910809542228,0.20202020202020204,-0.4857142857142857,0.3190345008526827,False
raw_log2,IFITM1,8.224001674198105,9.972979786066292,-1.7489781118681869,0.148989898989899,-0.5428571428571428,0.27121514546664255,False
raw_log2,RELB,4.954196310386875,5.930737337562887,-0.9765410271760118,0.638888888888889,-0.2,0.7329140461215933,False
raw_log2,XCL1,2.0,3.0,-1.0,0.26767676767676774,-0.42857142857142855,0.37586021881633896,False
raw_log2,CD160,3.0,2.584962500721156,0.4150374992788439,0.8762626262626263,0.11428571428571428,0.9169839531285314,False
raw_log2,S1PR1,3.584962500721156,6.0,-2.415037499278844,0.04797979797979798,-0.7142857142857143,0.1676535469638918,False
raw_log2,TGFBR2,7.882643049361842,10.339850002884624,-2.4572069535227827,0.07323232323232323,-0.6571428571428571,0.20424427763877306,False
raw_log2,CD163,6.392317422778761,8.330916878114618,-1.938599455335857,0.030303030303030304,-0.7714285714285715,0.14622414622414623,False
raw_log2,CXCR3,4.643856189774724,4.169925001442312,0.4739311883324122,0.638888888888889,0.22857142857142856,0.7329140461215933,True
raw_log2,BLNK,5.459431618637297,7.546894459887636,-2.087462841250339,0.030303030303030304,-0.7714285714285715,0.14622414622414623,False
raw_log2,KLRG2,2.0,4.321928094887363,-2.3219280948873626,0.030303030303030304,-0.7714285714285715,0.14622414622414623,False
raw_log2,HLA-B,10.049848549450562,11.488342277532524,-1.438493728081962,0.20202020202020204,-0.4857142857142857,0.3190345008526827,False
raw_log2,CD244,1.584962500721156,3.4594316186372973,-1.8744691179161412,0.638888888888889,-0.22857142857142856,0.7329140461215933,False
raw_log2,CXCL12,10.076815597050832,12.050868963290736,-1.9740533662399038,0.3434343434343435,-0.37142857142857144,0.45791245791245794,False
raw_log2,KCNJ2,3.807354922057604,4.954196310386875,-1.1468413883292707,0.10606060606060606,-0.6,0.23030303030303031,False
raw_log2,S100A8,4.584962500721156,6.0,-1.415037499278844,0.030303030303030304,-0.7714285714285715,0.14622414622414623,False
raw_log2,TNFSF15,5.321928094887363,7.0,-1.6780719051126374,0.10606060606060606,-0.6,0.23030303030303031,False
raw_log2,IL6R,5.169925001442312,7.129283016944966,-1.9593580155026542,0.030303030303030304,-0.7714285714285715,0.14622414622414623,False
raw_log2,CLEC4E,3.807354922057604,5.491853096329675,-1.6844981742720706,0.010101010101010102,-0.8857142857142857,0.14329966329966332,False
raw_log2,CD28,3.321928094887362,3.807354922057604,-0.485426827170242,0.7550505050505051,-0.17142857142857143,0.8256667393358041,False
raw_log2,C4A/B,9.513727595952437,11.73640193131829,-2.222674335365854,0.26767676767676774,-0.42857142857142855,0.37586021881633896,False
raw_log2,LCP2,7.658211482751795,8.326429487122303,-0.6682180043705079,0.26767676767676774,-0.42857142857142855,0.37586021881633896,False
raw_log2,GZMK,5.459431618637297,5.044394119358453,0.4150374992788439,1.0,0.05714285714285714,1.0,False
raw_log2,IL12A,2.0,2.584962500721156,-0.5849625007211561,0.8762626262626263,-0.11428571428571428,0.9169839531285314,False
raw_log2,TYK2,6.022367813028454,8.339850002884624,-2.31748218985617,0.01767676767676768,-0.8285714285714286,0.14329966329966332,False
raw_log2,FCGR1A/B,4.087462841250339,4.584962500721156,-0.497499659470817,0.148989898989899,-0.5428571428571428,0.27121514546664255,False
raw_log2,KLRB1,5.882643049361842,5.523561956057013,0.3590810933048285,0.7550505050505051,0.14285714285714285,0.8256667393358041,False
raw_log2,CD79B,5.169925001442312,4.584962500721156,0.5849625007211561,0.4318181818181819,0.3142857142857143,0.546969696969697,False
raw_log2,SH2D1A,3.321928094887362,3.321928094887362,0.0,0.5303030303030304,-0.2571428571428571,0.6384638463846386,False
raw_log2,TLR8,4.0,4.523561956057013,-0.5235619560570131,0.3434343434343435,-0.4,0.45791245791245794,False
raw_log2,IL7,2.321928094887362,3.807354922057604,-1.485426827170242,0.20202020202020204,-0.4857142857142857,0.3190345008526827,False
raw_log2,CD274,3.4594316186372973,5.285402218862249,-1.8259706002249514,0.10606060606060606,-0.6,0.23030303030303031,False
raw_log2,FCGR3A/B,4.459431618637297,6.426264754702098,-1.9668331360648006,0.04797979797979798,-0.7142857142857143,0.1676535469638918,False
raw_log2,LILRA4,3.321928094887362,2.584962500721156,0.7369655941662061,0.20202020202020204,0.4857142857142857,0.3190345008526827,False
raw_log2,LGALS3,7.459431618637297,10.439830883981392,-2.9803992653440945,0.01767676767676768,-0.8285714285714286,0.14329966329966332,False
raw_log2,DEFB4A,2.321928094887362,3.321928094887362,-1.0,0.030303030303030304,-0.7714285714285715,0.14622414622414623,False
raw_log2,RUNX1,5.459431618637297,5.954196310386875,-0.4947646917495776,0.638888888888889,-0.2,0.7329140461215933,False
raw_log2,BID,2.0,3.9068905956085187,-1.9068905956085187,0.01767676767676768,-0.8285714285714286,0.14329966329966332,False
raw_log2,DEFB1,5.426264754702098,8.276124405274238,-2.8498596505721405,0.01767676767676768,-0.8285714285714286,0.14329966329966332,False
raw_log2,LTB4R2,4.700439718141092,6.459431618637297,-1.7589919004962056,0.07323232323232323,-0.6571428571428571,0.20424427763877306,False
raw_log2,CTSC,8.784634845557521,11.73640193131829,-2.9517670857607694,0.030303030303030304,-0.7714285714285715,0.14622414622414623,False
raw_log2,CXCR2,2.584962500721156,4.321928094887363,-1.7369655941662066,0.005050505050505051,-0.9428571428571428,0.14329966329966332,False
raw_log2,TNFRSF11A,3.4594316186372973,5.0,-1.5405683813627027,0.10606060606060606,-0.6285714285714286,0.23030303030303031,False
raw_log2,JAK3,5.491853096329675,5.672425341971495,-0.1805722456418204,0.7550505050505051,-0.14285714285714285,0.8256667393358041,False
raw_log2,CCL13,4.0,3.9068905956085187,0.0931094043914813,0.7550505050505051,0.14285714285714285,0.8256667393358041,False
raw_log2,TRAF3,5.832890014164741,7.434628227636725,-1.6017382134719833,0.26767676767676774,-0.42857142857142855,0.37586021881633896,False
raw_log2,PDCD1LG2,2.584962500721156,4.247927513443585,-1.6629650127224291,0.10606060606060606,-0.6,0.23030303030303031,False
raw_log2,RAG1,3.169925001442312,5.357552004618084,-2.1876270031757716,0.04797979797979798,-0.7142857142857143,0.1676535469638918,False
raw_log2,NFATC3,6.339850002884624,8.988684686772165,-2.648834683887541,0.01767676767676768,-0.8285714285714286,0.14329966329966332,False
raw_log2,TNFRSF10C,3.700439718141092,5.087462841250339,-1.387023123109247,0.07323232323232323,-0.6571428571428571,0.20424427763877306,False
raw_log2,IL21R,3.0,3.9068905956085187,-0.9068905956085187,0.26767676767676774,-0.45714285714285713,0.37586021881633896,False
raw_log2,IL22,2.0,2.321928094887362,-0.3219280948873622,0.26767676767676774,-0.42857142857142855,0.37586021881633896,False
raw_log2,KIR_Activating_Subgroup_2,2.0,2.321928094887362,-0.3219280948873622,0.20202020202020204,-0.5142857142857142,0.3190345008526827,False
raw_log2,IL12RB1,4.0,4.087462841250339,-0.0874628412503391,0.7550505050505051,-0.17142857142857143,0.8256667393358041,False
raw_log2,SMAD5,6.20945336562895,8.727920454563199,-2.5184670889342486,0.01767676767676768,-0.8285714285714286,0.14329966329966332,False
raw_log2,CD48,5.357552004618084,5.643856189774724,-0.2863041851566406,1.0,-0.02857142857142857,1.0,False
raw_log2,CD19,3.9068905956085187,2.584962500721156,1.3219280948873626,0.3434343434343435,0.4,0.45791245791245794,False
raw_log2,LTA,3.0,3.4594316186372973,-0.4594316186372973,0.5303030303030304,-0.2571428571428571,0.6384638463846386,False
raw_log2,TRAF2,5.554588851677638,7.515699838284043,-1.9611109866064051,0.07323232323232323,-0.6571428571428571,0.20424427763877306,False
raw_log2,FCGR2A/C,7.247927513443585,8.413627929024173,-1.165700415580588,0.04797979797979798,-0.7142857142857143,0.1676535469638918,False
raw_log2,CD96,6.108524456778169,4.954196310386875,1.1543281463912942,0.638888888888889,0.2,0.7329140461215933,False
raw_log2,GZMA,5.357552004618084,5.954196310386875,-0.5966443057687911,0.5303030303030304,-0.2571428571428571,0.6384638463846386,False
raw_log2,TFRC,6.129283016944966,8.98299357469431,-2.853710557749344,0.010101010101010102,-0.8857142857142857,0.14329966329966332,False
raw_log2,CD44,8.59245703726808,9.672425341971495,-1.0799683047034154,0.148989898989899,-0.5428571428571428,0.27121514546664255,False
raw_log2,MASP2,2.0,2.321928094887362,-0.3219280948873622,0.638888888888889,-0.22857142857142856,0.7329140461215933,False
raw_log2,MASP1,5.087462841250339,7.22881869049588,-2.1413558492455413,0.10606060606060606,-0.6,0.23030303030303031,False
raw_log2,ILF3,8.405141463136344,10.904634621668151,-2.4994931585318074,0.04797979797979798,-0.7142857142857143,0.1676535469638918,False
raw_log2,ZBTB16,5.614709844115208,9.939579214314692,-4.324869370199484,0.07323232323232323,-0.6571428571428571,0.20424427763877306,False
raw_log2,PTPN6,6.303780748177103,7.888743248898259,-1.584962500721156,0.26767676767676774,-0.42857142857142855,0.37586021881633896,False
raw_log2,C14orf166,7.948367231584678,10.615629636968098,-2.66726240538342,0.01767676767676768,-0.8285714285714286,0.14329966329966332,False
raw_log2,C1QB,7.219168520462161,8.614709844115207,-1.3955413236530463,0.26767676767676774,-0.42857142857142855,0.37586021881633896,False
raw_log2,CD99,8.954196310386875,10.981567281903015,-2.02737097151614,0.07323232323232323,-0.6571428571428571,0.20424427763877306,False
raw_log2,ICOS,2.807354922057604,3.584962500721156,-0.7776075786635519,0.3434343434343435,-0.4,0.45791245791245794,False
raw_log2,C5,4.807354922057604,7.285402218862249,-2.478047296804645,0.04797979797979798,-0.7142857142857143,0.1676535469638918,False
raw_log2,MCL1,8.442943495848729,10.733015321685963,-2.2900718258372343,0.01767676767676768,-0.8571428571428571,0.14329966329966332,False
raw_log2,TLR9,4.247927513443585,4.321928094887363,-0.07400058144377741,0.7550505050505051,-0.14285714285714285,0.8256667393358041,False
raw_log2,LILRA6,3.0,2.807354922057604,0.19264507794239583,0.7550505050505051,-0.14285714285714285,0.8256667393358041,False
raw_log2,MAP4K1,5.977279923499917,5.584962500721156,0.3923174227787607,1.0,0.02857142857142857,1.0,False
raw_log2,PSMD7,6.845490050944375,9.92481250360578,-3.0793224526614056,0.01767676767676768,-0.8285714285714286,0.14329966329966332,False
raw_log2,TGFBI,7.303780748177103,9.348728154231077,-2.044947406053974,0.20202020202020204,-0.4857142857142857,0.3190345008526827,False
raw_log2,MS4A1,5.247927513443585,3.169925001442312,2.078002512001273,0.4318181818181819,0.3142857142857143,0.546969696969697,False
raw_log2,CEACAM6,2.321928094887362,3.321928094887362,-1.0,0.04797979797979798,-0.7142857142857143,0.1676535469638918,False
raw_log2,IL16,6.409390936137702,6.614709844115208,-0.20531890797750663,0.638888888888889,-0.2,0.7329140461215933,False
raw_log2,TRAF6,6.339850002884624,8.519636252843213,-2.179786249958589,0.030303030303030304,-0.7714285714285715,0.14622414622414623,False
raw_log2,MIF,8.59245703726808,11.592924155627637,-3.0004671183595573,0.01767676767676768,-0.8285714285714286,0.14329966329966332,False
raw_log2,SOCS1,4.643856189774724,6.285402218862249,-1.6415460290875243,0.030303030303030304,-0.7714285714285715,0.14622414622414623,False
raw_log2,KIR3DL1,1.0,2.0,-1.0,0.10606060606060606,-0.6285714285714286,0.23030303030303031,False
raw_log2,IL23A,3.169925001442312,3.321928094887362,-0.15200309344505003,0.4318181818181819,-0.34285714285714286,0.546969696969697,False
raw_log2,CCR7,4.169925001442312,2.807354922057604,1.362570079384708,0.5303030303030304,0.2571428571428571,0.6384638463846386,False
raw_log2,TLR1,4.807354922057604,6.820178962415188,-2.012824040357584,0.10606060606060606,-0.6,0.23030303030303031,False
raw_log2,IL18R1,4.807354922057604,6.554588851677638,-1.7472339296200339,0.07323232323232323,-0.6571428571428571,0.20424427763877306,False
raw_log2,RAF1,5.857980995127572,9.038918989292302,-3.18093799416473,0.01767676767676768,-0.8285714285714286,0.14329966329966332,False
raw_log2,IL15,4.247927513443585,6.339850002884624,-2.091922489441039,0.148989898989899,-0.5428571428571428,0.27121514546664255,False
raw_log2,IKZF2,3.9068905956085187,5.906890595608519,-2.0,0.030303030303030304,-0.7714285714285715,0.14622414622414623,False
raw_log2,CD4,5.78135971352466,6.768184324776926,-0.9868246112522661,0.26767676767676774,-0.42857142857142855,0.37586021881633896,False
raw_log2,IRAK3,3.700439718141092,5.700439718141092,-1.9999999999999996,0.01767676767676768,-0.8285714285714286,0.14329966329966332,False
raw_log2,NFIL3,4.321928094887363,6.149747119504682,-1.8278190246173196,0.010101010101010102,-0.8857142857142857,0.14329966329966332,False
raw_log2,CIITA,5.321928094887363,6.475733430966398,-1.153805336079035,0.3434343434343435,-0.4,0.45791245791245794,False
raw_log2,CCRL1,4.807354922057604,5.857980995127572,-1.0506260730699681,0.030303030303030304,-0.8,0.14622414622414623,False
raw_log2,PPARG,4.321928094887363,7.169925001442312,-2.8479969065549495,0.01767676767676768,-0.8285714285714286,0.14329966329966332,False
raw_log2,TLR2,5.087462841250339,6.700439718141092,-1.6129768768907526,0.07323232323232323,-0.6571428571428571,0.20424427763877306,False
raw_log2,CD2,4.643856189774724,4.169925001442312,0.4739311883324122,0.5303030303030304,0.2857142857142857,0.6384638463846386,False
raw_log2,IKBKAP,5.954196310386875,8.038918989292302,-2.084722678905427,0.07323232323232323,-0.6571428571428571,0.20424427763877306,False
raw_log2,SLAMF6,2.584962500721156,2.807354922057604,-0.2223924213364481,0.3434343434343435,-0.37142857142857144,0.45791245791245794,False
raw_log2,TNFRSF8,3.169925001442312,4.087462841250339,-0.917537839808027,0.26767676767676774,-0.42857142857142855,0.37586021881633896,False
raw_log2,STAT1,7.864186144654281,9.157346935362844,-1.293160790708563,0.148989898989899,-0.5428571428571428,0.27121514546664255,False
raw_log2,CRADD,4.807354922057604,8.20945336562895,-3.4020984435713455,0.030303030303030304,-0.7714285714285715,0.14622414622414623,False
raw_log2,HLA-C,9.12670447284319,11.233619676759702,-2.106915203916511,0.10606060606060606,-0.6,0.23030303030303031,False
raw_log2,GNLY,2.807354922057604,4.857980995127572,-2.0506260730699677,0.148989898989899,-0.5714285714285714,0.27121514546664255,False
raw_log2,CCL5,5.727920454563199,5.584962500721156,0.14295795384204268,1.0,0.0,1.0,True
raw_log2,ITGAE,4.392317422778761,6.6293566200796095,-2.2370391973008488,0.01767676767676768,-0.8285714285714286,0.14329966329966332,False
raw_log2,FCGRT,9.121533517340032,11.669328004395904,-2.5477944870558726,0.10606060606060606,-0.6,0.23030303030303031,False
raw_log2,IL10,2.0,2.321928094887362,-0.3219280948873622,0.8762626262626263,-0.11428571428571428,0.9169839531285314,False
raw_log2,CD59,9.45532722030456,12.308339030139408,-2.8530118098348467,0.04797979797979798,-0.7142857142857143,0.1676535469638918,False
raw_log2,CCBP2,3.0,5.832890014164741,-2.8328900141647413,0.07323232323232323,-0.6857142857142857,0.20424427763877306,False
raw_log2,STAT2,8.103287808412022,10.381542951184585,-2.2782551427725632,0.10606060606060606,-0.6,0.23030303030303031,True
raw_log2,CD7,3.169925001442312,3.700439718141092,-0.53051471669878,1.0,-0.02857142857142857,1.0,False
raw_log2,IFNAR1,4.523561956057013,6.614709844115208,-2.0911478880581953,0.04797979797979798,-0.7142857142857143,0.1676535469638918,False
raw_log2,ITGB1,8.682994583681683,11.159871336778389,-2.4768767530967057,0.030303030303030304,-0.7714285714285715,0.14622414622414623,False
raw_log2,SIGIRR,6.0,8.90388184573618,-2.90388184573618,0.01767676767676768,-0.8285714285714286,0.14329966329966332,False
raw_log2,PDGFB,4.392317422778761,6.189824558880018,-1.797507136101257,0.4318181818181819,-0.34285714285714286,0.546969696969697,False
raw_log2,IL28A/B,2.321928094887362,3.169925001442312,-0.84799690655495,0.3434343434343435,-0.4,0.45791245791245794,False
raw_log2,PRKCD,5.584962500721156,9.118941072723507,-3.5339785720023507,0.01767676767676768,-0.8285714285714286,0.14329966329966332,False
raw_log2,IL17F,2.0,3.169925001442312,-1.1699250014423122,0.01767676767676768,-0.8285714285714286,0.14329966329966332,False
raw_log2,TNFRSF14,7.348728154231077,9.854868383260236,-2.5061402290291586,0.030303030303030304,-0.7714285714285715,0.14622414622414623,False
raw_log2,GATA3,2.807354922057604,5.584962500721156,-2.777607578663552,0.030303030303030304,-0.7714285714285715,0.14622414622414623,False
raw_log2,TBK1,5.977279923499917,8.39231742277876,-2.415037499278843,0.030303030303030304,-0.7714285714285715,0.14622414622414623,False
raw_log2,CX3CR1,3.169925001442312,5.0,-1.8300749985576878,0.4318181818181819,-0.3142857142857143,0.546969696969697,False
raw_log2,GZMB,3.584962500721156,4.247927513443585,-0.6629650127224291,1.0,-0.02857142857142857,1.0,False
raw_log2,TRAF4,6.149747119504682,8.721099188707186,-2.5713520692025034,0.01767676767676768,-0.8285714285714286,0.14329966329966332,False
raw_log2,CEBPB,6.807354922057604,8.879583249612784,-2.0722283275551803,0.010101010101010102,-0.8857142857142857,0.14329966329966332,False
raw_log2,APP,10.603626344986193,13.368370042894675,-2.7647436979084823,0.01767676767676768,-0.8285714285714286,0.14329966329966332,False
raw_log2,PPBP,3.169925001442312,4.584962500721156,-1.415037499278844,0.030303030303030304,-0.7714285714285715,0.14622414622414623,False
raw_log2,ARHGDIB,8.134426320220927,9.451211111832329,-1.3167847916114024,0.148989898989899,-0.5428571428571428,0.27121514546664255,False
raw_log2,PLAUR,3.321928094887362,4.459431618637297,-1.1375035237499351,0.10606060606060606,-0.6,0.23030303030303031,False
raw_log2,ATG7,6.22881869049588,8.51175265376738,-2.282933963271499,0.10606060606060606,-0.6,0.23030303030303031,False
raw_log2,IL3,1.0,3.0,-2.0,0.01767676767676768,-0.8571428571428571,0.14329966329966332,False
raw_log2,TNFRSF13B,1.0,2.0,-1.0,0.5303030303030304,-0.2571428571428571,0.6384638463846386,False
raw_log2,CLEC7A,3.321928094887362,5.087462841250339,-1.765534746362977,0.07323232323232323,-0.6857142857142857,0.20424427763877306,False
raw_log2,CSF1,4.643856189774724,6.392317422778761,-1.7484612330040363,0.148989898989899,-0.5428571428571428,0.27121514546664255,False
raw_log2,ICAM4,2.807354922057604,3.584962500721156,-0.7776075786635519,0.638888888888889,-0.2,0.7329140461215933,False
raw_log2,TAP1,4.459431618637297,6.392317422778761,-1.9328858041414634,0.148989898989899,-0.5428571428571428,0.27121514546664255,False
raw_log2,MME,6.965784284662087,11.147840893672337,-4.18205660901025,0.07323232323232323,-0.6571428571428571,0.20424427763877306,False
raw_log2,IL1A,2.0,3.4594316186372973,-1.4594316186372973,0.030303030303030304,-0.7714285714285715,0.14622414622414623,False
raw_log2,TNFSF10,9.31741261376487,10.932214751968385,-1.6148021382035154,0.20202020202020204,-0.4857142857142857,0.3190345008526827,False
raw_log2,HAVCR2,5.614709844115208,7.285402218862249,-1.6706923747470404,0.148989898989899,-0.5428571428571428,0.27121514546664255,False
raw_log2,TNFAIP3,5.20945336562895,6.94251450533924,-1.7330611397102897,0.148989898989899,-0.5428571428571428,0.27121514546664255,False
raw_log2,CD82,4.754887502163468,6.857980995127572,-2.1030934929641036,0.030303030303030304,-0.7714285714285715,0.14622414622414623,False
raw_log2,CUL9,5.78135971352466,8.45532722030456,-2.673967506779901,0.07323232323232323,-0.6571428571428571,0.20424427763877306,False
raw_log2,ETS1,7.577428828035749,9.552669097514272,-1.9752402694785234,0.10606060606060606,-0.6,0.23030303030303031,False
raw_log2,CD5,5.169925001442312,4.459431618637297,0.7104933828050148,0.8762626262626263,0.08571428571428572,0.9169839531285314,False
raw_log2,ABCB1,8.467605550082997,10.97656412341533,-2.5089585733323325,0.07323232323232323,-0.6571428571428571,0.20424427763877306,False
raw_log2,LILRA3,1.584962500721156,3.321928094887362,-1.736965594166206,0.030303030303030304,-0.7714285714285715,0.14622414622414623,False
raw_log2,FCER1A,6.022367813028454,5.554588851677638,0.46777896135081676,0.8762626262626263,0.08571428571428572,0.9169839531285314,False
raw_log2,CCR1,4.087462841250339,5.954196310386875,-1.8667334691365358,0.148989898989899,-0.5714285714285714,0.27121514546664255,False
raw_log2,CFI,9.686500527183219,11.571278618514595,-1.884778091331377,0.07323232323232323,-0.6571428571428571,0.20424427763877306,False
raw_log2,SYK,5.247927513443585,7.219168520462161,-1.971241007018576,0.10606060606060606,-0.6,0.23030303030303031,False
raw_log2,TLR3,5.700439718141092,7.467605550082998,-1.767165831941906,0.01767676767676768,-0.8285714285714286,0.14329966329966332,False
raw_log2,HLA-DOB,4.807354922057604,5.087462841250339,-0.28010791919273537,0.5303030303030304,-0.2571428571428571,0.6384638463846386,False
raw_log2,NCAM1,4.247927513443585,6.22881869049588,-1.9808911770522952,0.010101010101010102,-0.8857142857142857,0.14329966329966332,False
raw_log2,HAMP,1.584962500721156,2.321928094887362,-0.7369655941662061,0.148989898989899,-0.5714285714285714,0.27121514546664255,False
raw_log2,LILRB5,4.0,4.807354922057604,-0.8073549220576037,0.20202020202020204,-0.4857142857142857,0.3190345008526827,False
raw_log2,CD27,4.643856189774724,3.9068905956085187,0.7369655941662057,0.7550505050505051,0.14285714285714285,0.8256667393358041,False
raw_log2,TNF,3.700439718141092,4.523561956057013,-0.8231222379159209,0.10606060606060606,-0.6285714285714286,0.23030303030303031,False
raw_log2,BCL2L11,4.807354922057604,7.643856189774724,-2.8365012677171206,0.01767676767676768,-0.8285714285714286,0.14329966329966332,False
raw_log2,FYN,6.794415866350106,8.224001674198105,-1.4295858078479986,0.148989898989899,-0.5714285714285714,0.27121514546664255,False
raw_log2,B3GAT1,2.0,2.807354922057604,-0.8073549220576042,0.010101010101010102,-0.9142857142857143,0.14329966329966332,False
raw_log2,PLA2G2E,2.0,3.169925001442312,-1.1699250014423122,0.10606060606060606,-0.6285714285714286,0.23030303030303031,False
raw_log2,HLA-DRB3,10.018200178813226,10.742309436084,-0.7241092572707739,0.3434343434343435,-0.37142857142857144,0.45791245791245794,False
raw_log2,CD3E,4.523561956057013,4.321928094887363,0.20163386116965043,1.0,-0.05714285714285714,1.0,False
raw_log2,PRF1,4.247927513443585,5.129283016944966,-0.8813555035013811,0.20202020202020204,-0.4857142857142857,0.3190345008526827,False
raw_log2,BCL6,5.700439718141092,8.707359132080883,-3.0069194139397917,0.010101010101010102,-0.8857142857142857,0.14329966329966332,False
raw_log2,CD79A,5.491853096329675,3.4594316186372973,2.0324214776923775,0.638888888888889,0.2,0.7329140461215933,False
raw_log2,PYCARD,4.0,4.584962500721156,-0.5849625007211561,0.20202020202020204,-0.4857142857142857,0.3190345008526827,False
raw_log2,CYBB,6.426264754702098,7.727920454563199,-1.3016556998611009,0.4318181818181819,-0.3142857142857143,0.546969696969697,False
raw_log2,CD53,7.066089190457772,7.483815777264256,-0.41772658680648433,0.4318181818181819,-0.3142857142857143,0.546969696969697,False
raw_log2,CR1,4.643856189774724,6.491853096329675,-1.8479969065549504,0.07323232323232323,-0.6857142857142857,0.20424427763877306,False
raw_log2,MBP,6.643856189774724,8.870364719583405,-2.2265085298086804,0.030303030303030304,-0.7714285714285715,0.14622414622414623,False
raw_log2,EOMES,2.321928094887362,3.0,-0.6780719051126378,0.04797979797979798,-0.7428571428571429,0.1676535469638918,False
raw_log2,MR1,4.247927513443585,4.523561956057013,-0.27563444261342784,0.148989898989899,-0.5428571428571428,0.27121514546664255,False
raw_log2,NOTCH1,7.0,8.912889336229961,-1.912889336229961,0.07323232323232323,-0.6571428571428571,0.20424427763877306,False
raw_log2,CAMP,1.0,2.321928094887362,-1.3219280948873622,0.5303030303030304,-0.2857142857142857,0.6384638463846386,False
raw_log2,JAK1,7.7615512324444795,10.127994320976393,-2.3664430885319137,0.030303030303030304,-0.7714285714285715,0.14622414622414623,False
raw_log2,FCGR2B,5.129283016944966,6.285402218862249,-1.1561192019172823,0.26767676767676774,-0.42857142857142855,0.37586021881633896,False
raw_log2,BST1,5.129283016944966,7.129283016944966,-2.0,0.10606060606060606,-0.6,0.23030303030303031,False
raw_log2,SPP1,13.816283698420207,14.42816385650311,-0.6118801580829025,0.26767676767676774,-0.42857142857142855,0.37586021881633896,False
raw_log2,CD45RB,4.392317422778761,5.044394119358453,-0.6520766965796927,0.3434343434343435,-0.37142857142857144,0.45791245791245794,False
raw_log2,MARCO,4.0,3.584962500721156,0.4150374992788439,0.7550505050505051,-0.14285714285714285,0.8256667393358041,False
raw_log2,IL22RA2,1.584962500721156,2.807354922057604,-1.222392421336448,0.005050505050505051,-0.9714285714285714,0.14329966329966332,False
raw_log2,SELL,6.066089190457772,5.285402218862249,0.7806869715955234,0.638888888888889,0.2,0.7329140461215933,False
raw_log2,CD3D,4.906890595608519,4.700439718141092,0.20645087746742696,1.0,0.02857142857142857,1.0,False
raw_log2,IL2RA,3.584962500721156,4.857980995127572,-1.2730184944064158,0.20202020202020204,-0.4857142857142857,0.3190345008526827,False
raw_log2,TRAF1,5.357552004618084,6.523561956057013,-1.1660099514389293,0.20202020202020204,-0.4857142857142857,0.3190345008526827,False
raw_log2,STAT3,9.457380879072534,11.208234358339789,-1.7508534792672545,0.148989898989899,-0.5428571428571428,0.27121514546664255,False
raw_log2,FOXP3,3.0,3.584962500721156,-0.5849625007211561,0.4318181818181819,-0.3142857142857143,0.546969696969697,False
raw_log2,TLR7,3.4594316186372973,3.807354922057604,-0.34792330342030686,0.8762626262626263,-0.11428571428571428,0.9169839531285314,False
raw_log2,ITGAM,5.087462841250339,6.20945336562895,-1.121990524378611,0.26767676767676774,-0.42857142857142855,0.37586021881633896,False
raw_log2,CR2,1.584962500721156,3.807354922057604,-2.222392421336448,0.148989898989899,-0.5714285714285714,0.27121514546664255,False
raw_log2,LY96,3.9068905956085187,5.0,-1.0931094043914813,0.10606060606060606,-0.6,0.23030303030303031,False
raw_log2,CCL23,1.584962500721156,3.700439718141092,-2.115477217419936,0.04797979797979798,-0.7142857142857143,0.1676535469638918,False
raw_log2,IL11RA,4.0,6.658211482751795,-2.6582114827517946,0.04797979797979798,-0.7142857142857143,0.1676535469638918,False
raw_log2,TCF4,6.303780748177103,8.03342300153745,-1.729642253360347,0.20202020202020204,-0.4857142857142857,0.3190345008526827,False
raw_log2,IRGM,2.0,2.584962500721156,-0.5849625007211561,0.26767676767676774,-0.42857142857142855,0.37586021881633896,False
raw_log2,IL23R,3.0,3.169925001442312,-0.16992500144231215,0.638888888888889,-0.2,0.7329140461215933,False
raw_log2,IL1B,3.807354922057604,4.247927513443585,-0.44057259138598104,0.4318181818181819,-0.3142857142857143,0.546969696969697,False
raw_log2,RARRES3,8.044394119358454,9.269126679149418,-1.2247325597909633,0.20202020202020204,-0.4857142857142857,0.3190345008526827,False
raw_log2,C3,7.149747119504682,7.94251450533924,-0.7927673858345576,0.4318181818181819,-0.3142857142857143,0.546969696969697,False
raw_log2,CCR2,5.044394119358453,4.643856189774724,0.400537929583729,0.7550505050505051,0.14285714285714285,0.8256667393358041,True
raw_log2,KLRF2,1.584962500721156,2.0,-0.4150374992788439,0.10606060606060606,-0.6,0.23030303030303031,False
raw_log2,IL13RA1,7.366322214245816,9.94251450533924,-2.576192291093424,0.030303030303030304,-0.7714285714285715,0.14622414622414623,False
raw_log2,IFNA1/13,2.321928094887362,3.807354922057604,-1.485426827170242,0.07323232323232323,-0.6571428571428571,0.20424427763877306,False
raw_log2,CCL20,4.857980995127572,4.584962500721156,0.2730184944064158,1.0,0.0,1.0,False
raw_log2,FCAR,2.0,2.584962500721156,-0.5849625007211561,0.07323232323232323,-0.6571428571428571,0.20424427763877306,False
raw_log2,CHUK,6.022367813028454,8.927777962082342,-2.9054101490538873,0.01767676767676768,-0.8285714285714286,0.14329966329966332,False
raw_log2,PRDM1,4.169925001442312,5.169925001442312,-1.0,0.07323232323232323,-0.6571428571428571,0.20424427763877306,False
raw_log2,IFIH1,4.754887502163468,7.087462841250339,-2.332575339086871,0.148989898989899,-0.5428571428571428,0.27121514546664255,False
raw_log2,CASP10,2.321928094887362,3.700439718141092,-1.37851162325373,0.148989898989899,-0.5428571428571428,0.27121514546664255,False
raw_log2,LILRB1,5.0,4.857980995127572,0.14201900487242813,0.8762626262626263,-0.11428571428571428,0.9169839531285314,False
raw_log2,ZEB1,4.754887502163468,7.294620748891627,-2.539733246728159,0.030303030303030304,-0.7714285714285715,0.14622414622414623,False
raw_log2,IL8,4.392317422778761,4.807354922057604,-0.41503749927884304,0.20202020202020204,-0.4857142857142857,0.3190345008526827,False
raw_log2,ICAM5,1.0,2.321928094887362,-1.3219280948873622,0.01767676767676768,-0.8285714285714286,0.14329966329966332,False
raw_log2,IRAK4,5.459431618637297,7.531381460516312,-2.0719498418790145,0.04797979797979798,-0.7142857142857143,0.1676535469638918,False
raw_log2,CARD9,2.807354922057604,3.9068905956085187,-1.0995356735509145,0.148989898989899,-0.5428571428571428,0.27121514546664255,False
raw_log2,TAP2,4.857980995127572,6.954196310386875,-2.096215315259303,0.148989898989899,-0.5428571428571428,0.27121514546664255,False
raw_log2,CTSS,7.651051691178929,8.873444112515376,-1.2223924213364468,0.3434343434343435,-0.37142857142857144,0.45791245791245794,False
raw_log2,BST2,6.339850002884624,7.592457037268081,-1.2526070343834563,0.20202020202020204,-0.4857142857142857,0.3190345008526827,False
raw_log2,SELE,3.0,3.807354922057604,-0.8073549220576042,0.26767676767676774,-0.42857142857142855,0.37586021881633896,False
raw_log2,STAT5B,6.584962500721156,9.35974956032233,-2.7747870596011737,0.030303030303030304,-0.7714285714285715,0.14622414622414623,False
raw_log2,CD22,5.78135971352466,5.0,0.7813597135246599,1.0,0.05714285714285714,1.0,False
raw_log2,CD81,9.900866807980748,12.817982927195652,-2.9171161192149047,0.07323232323232323,-0.6571428571428571,0.20424427763877306,False
raw_log2,SRC,7.383704292474052,9.084808387804362,-1.7011040953303098,0.030303030303030304,-0.7714285714285715,0.14622414622414623,False
raw_log2,PLAU,6.20945336562895,8.233619676759702,-2.0241663111307515,0.10606060606060606,-0.6,0.23030303030303031,False
raw_log2,FN1,7.794415866350106,10.030667136246942,-2.2362512698968358,0.07323232323232323,-0.6571428571428571,0.20424427763877306,False
raw_log2,CSF3R,4.392317422778761,5.392317422778761,-1.0,0.148989898989899,-0.5714285714285714,0.27121514546664255,False
raw_log2,CCL2,7.257387842692652,7.965784284662087,-0.7083964419694349,1.0,-0.02857142857142857,1.0,False
raw_log2,CTLA4_all,3.321928094887362,3.4594316186372973,-0.13750352374993513,0.8762626262626263,-0.11428571428571428,0.9169839531285314,False
raw_log2,SLAMF1,4.169925001442312,3.9068905956085187,0.26303440583379345,1.0,0.02857142857142857,1.0,False
raw_log2,FADD,4.087462841250339,6.266786540694901,-2.179323699444562,0.20202020202020204,-0.5142857142857142,0.3190345008526827,False
raw_log2,CASP3,4.169925001442312,6.977279923499917,-2.8073549220576046,0.01767676767676768,-0.8285714285714286,0.14329966329966332,False
raw_log2,CASP1,3.807354922057604,5.672425341971495,-1.865070419913891,0.20202020202020204,-0.4857142857142857,0.3190345008526827,False
raw_log2,ICAM2,4.906890595608519,6.820178962415188,-1.9132883668066691,0.04797979797979798,-0.7142857142857143,0.1676535469638918,False
raw_log2,CD8A,3.0,4.169925001442312,-1.1699250014423122,0.26767676767676774,-0.42857142857142855,0.37586021881633896,False
raw_log2,LILRB4,5.087462841250339,5.857980995127572,-0.7705181538772328,0.26767676767676774,-0.42857142857142855,0.37586021881633896,False
raw_log2,CD97,6.442943495848728,8.558420713268664,-2.1154772174199357,0.148989898989899,-0.5428571428571428,0.27121514546664255,False
raw_log2,POS_C(8),10.148476582178278,9.930737337562887,0.21773924461539096,0.4318181818181819,0.3142857142857143,0.546969696969697,False
raw_log2,POS_A(128),13.529796550099462,13.373680833411614,0.1561157166878484,0.26767676767676774,0.42857142857142855,0.37586021881633896,False
raw_log2,POS_F(0.125),4.0,4.169925001442312,-0.16992500144231215,0.4318181818181819,-0.34285714285714286,0.546969696969697,False
raw_log2,POS_D(2),7.98299357469431,7.924812503605781,0.0581810710885291,0.7550505050505051,0.14285714285714285,0.8256667393358041,False
raw_log2,POS_B(32),11.950191349972702,11.65150022065274,0.29869112931996256,0.20202020202020204,0.4857142857142857,0.3190345008526827,False
raw_log2,POS_E(0.5),5.426264754702098,5.426264754702098,0.0,1.0,0.02857142857142857,1.0,False
raw_log2,NEG_C(0),1.584962500721156,2.0,-0.4150374992788439,0.8762626262626263,-0.08571428571428572,0.9169839531285314,False
raw_log2,NEG_D(0),1.584962500721156,1.0,0.5849625007211561,0.7550505050505051,0.14285714285714285,0.8256667393358041,False
raw_log2,NEG_E(0),1.584962500721156,2.321928094887362,-0.7369655941662061,0.20202020202020204,-0.4857142857142857,0.3190345008526827,False
raw_log2,NEG_A(0),1.0,2.321928094887362,-1.3219280948873622,0.04797979797979798,-0.7142857142857143,0.1676535469638918,False
raw_log2,NEG_H(0),1.584962500721156,2.0,-0.4150374992788439,0.7550505050505051,-0.17142857142857143,0.8256667393358041,False
raw_log2,NEG_G(0),0.0,1.0,-1.0,0.20202020202020204,-0.4857142857142857,0.3190345008526827,False
raw_log2,NEG_F(0),2.807354922057604,3.169925001442312,-0.362570079384708,0.638888888888889,-0.22857142857142856,0.7329140461215933,False
raw_log2,NEG_B(0),2.0,2.321928094887362,-0.3219280948873622,1.0,0.0,1.0,False
raw_log2,EEF1G,10.153552031708111,13.433455039827054,-3.279903008118943,0.01767676767676768,-0.8285714285714286,0.14329966329966332,False
raw_log2,TUBB,7.636624620543649,10.140829770773001,-2.5042051502293523,0.10606060606060606,-0.6,0.23030303030303031,False
raw_log2,TBP,5.672425341971495,8.335390354693924,-2.662965012722429,0.01767676767676768,-0.8285714285714286,0.14329966329966332,False
raw_log2,POLR2A,7.6865005271832185,10.922584402713664,-3.2360838755304453,0.04797979797979798,-0.7142857142857143,0.1676535469638918,False
raw_log2,GUSB,6.357552004618084,8.820178962415188,-2.462626957797104,0.07323232323232323,-0.6571428571428571,0.20424427763877306,False
raw_log2,HPRT1,6.569855608330948,9.543031820255237,-2.9731762119242893,0.01767676767676768,-0.8285714285714286,0.14329966329966332,False
raw_log2,GAPDH,11.230020435705635,14.030236056361794,-2.800215620656159,0.01767676767676768,-0.8285714285714286,0.14329966329966332,False
raw_log2,SDHA,7.285402218862249,10.644757592516257,-3.359355373654008,0.01767676767676768,-0.8285714285714286,0.14329966329966332,False
raw_log2,OAZ1,9.4241662888181,11.995060467032719,-2.570894178214619,0.01767676767676768,-0.8285714285714286,0.14329966329966332,False
raw_log2,PPIA,6.266786540694901,8.523561956057012,-2.256775415362111,0.07323232323232323,-0.6571428571428571,0.20424427763877306,False
raw_log2,G6PD,6.339850002884624,8.271463027904375,-1.9316130250197503,0.10606060606060606,-0.6,0.23030303030303031,False
raw_log2,RPL19,12.247037418788581,14.261801107195309,-2.0147636884067275,0.10606060606060606,-0.6,0.23030303030303031,False
raw_log2,POLR1B,5.044394119358453,7.3750394313469245,-2.330645311988471,0.07323232323232323,-0.6571428571428571,0.20424427763877306,False
raw_log2,ABCF1,6.303780748177103,9.13699111208023,-2.8332103639031265,0.030303030303030304,-0.7714285714285715,0.14622414622414623,False
raw_log2,ALAS1,6.507794640198696,8.939579214314692,-2.431784574115996,0.01767676767676768,-0.8285714285714286,0.14329966329966332,False
background_only,VTN,0.0,3.8394202117141765,-3.8394202117141765,0.030303030303030304,-0.7714285714285715,0.15747215747215748,False
background_only,HLA-DQB1,6.6445665233627444,6.569556468564866,0.07501005479787803,0.8762626262626263,-0.08571428571428572,0.9866068088290311,False
background_only,KIT,4.2411603363662636,6.797932138759485,-2.5567718023932215,0.07323232323232323,-0.6571428571428571,0.21933621933621933,False
background_only,LAG3,0.17250883420263924,1.5984254072911064,-1.425916573088467,0.3434343434343435,-0.37142857142857144,0.5272931333537395,False
background_only,SOCS3,6.555344513835133,6.797932138759485,-0.2425876249243517,0.5303030303030304,-0.2571428571428571,0.7213070300318624,False
background_only,TCF7,5.784687623121403,4.955504676822225,0.829182946299178,0.638888888888889,0.2,0.8300094966761634,False
background_only,IKBKB,6.630074126970451,8.512822893054922,-1.8827487660844717,0.10606060606060606,-0.6,0.2558922558922559,False
background_only,KLRC2,0.17250883420263924,3.319083759689992,-3.1465749254873527,0.20202020202020204,-0.5142857142857142,0.3633972864742096,False
background_only,ITGA6,6.939909748802006,9.931137673682509,-2.9912279248805023,0.030303030303030304,-0.7714285714285715,0.15747215747215748,False
background_only,CXCR4,7.106203053866284,7.724283289832364,-0.6180802359660804,0.10606060606060606,-0.6,0.2558922558922559,False
background_only,NFKBIZ,7.4516170595645495,8.113888648708137,-0.6622715891435877,0.3434343434343435,-0.37142857142857144,0.5272931333537395,False
background_only,ATG5,5.078017400241327,8.231058907895111,-3.153041507653784,0.030303030303030304,-0.7714285714285715,0.15747215747215748,False
background_only,MAPK14,7.044932282977876,9.755339725573304,-2.710407442595428,0.04797979797979798,-0.7142857142857143,0.17787632421778765,False
background_only,IL32,11.715008796099202,12.335043418330889,-0.620034622231687,0.7550505050505051,-0.14285714285714285,0.900138641315112,False
background_only,CFB,7.9780069081460905,8.77068820237239,-0.7926812942263002,0.3434343434343435,-0.37142857142857144,0.5272931333537395,True
background_only,CXCL1,4.943833504039006,4.8951746013318145,0.04865890270719131,0.8762626262626263,-0.08571428571428572,0.9866068088290311,False
background_only,CEACAM1,5.423278520135257,7.20275707183087,-1.7794785516956129,0.148989898989899,-0.5428571428571428,0.30811516525802246,False
background_only,C8A,0.0,0.0,0.0,0.8762626262626263,0.08571428571428572,0.9866068088290311,False
background_only,CFP,1.9176709527354177,3.42725206741281,-1.5095811146773925,0.3434343434343435,-0.37142857142857144,0.5272931333537395,False
background_only,LILRA5,1.6084538208076615,2.409973932749479,-0.8015201119418174,0.8762626262626263,-0.08571428571428572,0.9866068088290311,False
background_only,IL10RA,6.42253789857076,7.121749720237614,-0.6992118216668537,0.20202020202020204,-0.4857142857142857,0.3633972864742096,False
background_only,IL17A,0.0,0.0,0.0,1.0,0.0,1.0,False
background_only,TP53,6.551179549871411,8.779608406078825,-2.2284288562074144,0.10606060606060606,-0.6,0.2558922558922559,False
background_only,MAPK1,7.812357840409505,10.54444887363944,-2.7320910332299357,0.01767676767676768,-0.8285714285714286,0.15747215747215748,False
background_only,CCRL2,3.447722843990553,4.873549790363238,-1.4258269463726845,0.030303030303030304,-0.7714285714285715,0.15747215747215748,False
background_only,BTK,3.190143363809114,3.2864907562219967,-0.09634739241288282,0.638888888888889,-0.2,0.8300094966761634,False
background_only,KLRK1,4.630995194516081,4.5703025809447,0.06069261357138078,0.5303030303030304,-0.2571428571428571,0.7213070300318624,False
background_only,TICAM1,6.65891478504798,8.512822893054922,-1.8539081080069426,0.148989898989899,-0.5428571428571428,0.30811516525802246,False
background_only,CMKLR1,5.556099780395254,7.113390063598977,-1.5572902832037228,0.10606060606060606,-0.6,0.2558922558922559,False
background_only,ARG1,0.0,0.0,0.0,0.7550505050505051,-0.14285714285714285,0.900138641315112,False
background_only,IDO1,2.2960421891544676,2.5802188218689306,-0.28417663271446303,0.7550505050505051,-0.14285714285714285,0.900138641315112,False
background_only,IL17B,0.0,0.0,0.0,0.8762626262626263,-0.08571428571428572,0.9866068088290311,False
background_only,TNFRSF13C,4.34259570528504,3.42725206741281,0.9153436378722302,0.638888888888889,0.22857142857142856,0.8300094966761634,False
background_only,CD6,3.289558048645608,2.658702139167716,0.630855909477892,1.0,0.02857142857142857,1.0,False
background_only,CTSG,1.9176709527354177,1.0201475387722592,0.8975234139631585,1.0,0.02857142857142857,1.0,False
background_only,BAX,6.7285905899264,9.306678906936893,-2.5780883170104936,0.04797979797979798,-0.7142857142857143,0.17787632421778765,False
background_only,KIR_Inhibiting_Subgroup_1,0.0,0.0,0.0,1.0,0.0,1.0,False
background_only,NOTCH2,7.041967109328264,9.795173085706384,-2.75320597637812,0.07323232323232323,-0.6571428571428571,0.21933621933621933,False
background_only,TNFRSF4,0.0,0.0,0.0,0.8762626262626263,-0.08571428571428572,0.9866068088290311,False
background_only,TGFBR1,6.342110530929978,9.296359570867143,-2.9542490399371646,0.148989898989899,-0.5428571428571428,0.30811516525802246,False
background_only,C7,10.516597386732913,12.580603934766838,-2.064006548033925,0.10606060606060606,-0.6,0.2558922558922559,False
background_only,CD40,4.509577176178736,6.668989326873196,-2.15941215069446,0.148989898989899,-0.5428571428571428,0.30811516525802246,False
background_only,CCL15,5.002218632203113,7.20232828139272,-2.2001096491896073,0.030303030303030304,-0.7714285714285715,0.15747215747215748,False
background_only,ICAM3,6.281292576158856,8.146038438496026,-1.8647458623371698,0.10606060606060606,-0.6,0.2558922558922559,False
background_only,SKI,7.147491159378016,9.86025859539775,-2.7127674360197345,0.07323232323232323,-0.6571428571428571,0.21933621933621933,False
background_only,ATG10,3.820384924096886,6.863767541107009,-3.0433826170101232,0.030303030303030304,-0.7714285714285715,0.15747215747215748,False
background_only,C4BPA,0.0,0.0,0.0,1.0,0.0,1.0,False
background_only,C8G,0.0,2.9003745373738683,-2.9003745373738683,0.10606060606060606,-0.6,0.2558922558922559,False
background_only,ABL1,6.205121246226357,9.01198438669598,-2.8068631404696234,0.030303030303030304,-0.7714285714285715,0.15747215747215748,False
background_only,IL1RL1,4.909257015383674,8.152113442884906,-3.2428564275012315,0.010101010101010102,-0.8857142857142857,0.15747215747215748,False
background_only,PDCD1,2.596755973712358,1.72885533510019,0.8679006386121677,1.0,0.02857142857142857,1.0,False
background_only,CTNNB1,8.733958025412468,11.72044358870205,-2.986485563289582,0.01767676767676768,-0.8285714285714286,0.15747215747215748,False
background_only,MAP4K2,5.694270855729339,7.961823833384857,-2.2675529776555177,0.04797979797979798,-0.7142857142857143,0.17787632421778765,False
background_only,RELA,4.688075502382366,7.603375627886332,-2.9153001255039657,0.030303030303030304,-0.7714285714285715,0.15747215747215748,False
background_only,CCL22,1.5415576339383477,1.5984254072911064,-0.05686777335275872,1.0,0.0,1.0,False
background_only,IKBKE,5.4279161545156445,6.538853237547363,-1.1109370830317182,0.20202020202020204,-0.4857142857142857,0.3633972864742096,False
background_only,AICDA,0.0,0.0,0.0,0.7550505050505051,-0.14285714285714285,0.900138641315112,False
background_only,THY1,8.813939073353025,10.981186367249409,-2.1672472938963843,0.04797979797979798,-0.7142857142857143,0.17787632421778765,False
background_only,LIF,6.130297672181727,6.5661660891673295,-0.43586841698560264,0.7550505050505051,-0.14285714285714285,0.900138641315112,False
background_only,MRC1,6.124702954514642,8.235852457332475,-2.1111495028178338,0.04797979797979798,-0.7142857142857143,0.17787632421778765,False
background_only,CD40LG,3.979853991290072,2.109242607368005,1.8706113839220673,0.638888888888889,0.2,0.8300094966761634,False
background_only,MALT1,6.017434835113506,8.216581948921739,-2.199147113808233,0.030303030303030304,-0.7714285714285715,0.15747215747215748,False
background_only,IL1RN,0.0,2.3980410083801478,-2.3980410083801478,0.3434343434343435,-0.37142857142857144,0.5272931333537395,False
background_only,CXCL9,4.395696835422741,4.659403406461859,-0.2637065710391182,0.8762626262626263,-0.08571428571428572,0.9866068088290311,False
background_only,HFE,1.5415576339383477,5.593080912913919,-4.051523278975571,0.04797979797979798,-0.7142857142857143,0.17787632421778765,False
background_only,CCL7,0.0,0.0,0.0,1.0,0.0,1.0,False
background_only,ZAP70,5.810623471964438,4.921943128766305,0.8886803431981329,0.8762626262626263,0.08571428571428572,0.9866068088290311,False
background_only,IL2RG,6.224544418335585,5.95373792577141,0.27080649256417466,0.8762626262626263,0.08571428571428572,0.9866068088290311,False
background_only,MAPKAPK2,5.676013939720145,7.756695545907774,-2.080681606187629,0.030303030303030304,-0.7714285714285715,0.15747215747215748,False
background_only,PTGS2,2.0176542527565515,5.2655194847454005,-3.247865231988849,0.030303030303030304,-0.7714285714285715,0.15747215747215748,False
background_only,IKZF1,2.2564450063581867,2.5917096580522507,-0.33526465169406405,0.7550505050505051,-0.14285714285714285,0.900138641315112,False
background_only,LEF1,5.2900932070973985,5.941721437986217,-0.6516282308888188,0.20202020202020204,-0.4857142857142857,0.3633972864742096,False
background_only,MUC1,7.833201607043569,11.073114751120878,-3.239913144077309,0.04797979797979798,-0.7142857142857143,0.17787632421778765,False
background_only,C9,1.0350950795625034,3.1667642825664473,-2.131669203003944,0.20202020202020204,-0.4857142857142857,0.3633972864742096,False
background_only,PSMC2,7.066619323259959,9.626203419381765,-2.5595840961218066,0.030303030303030304,-0.7714285714285715,0.15747215747215748,False
background_only,IL4R,6.358418218289495,8.528535648093564,-2.170117429804069,0.030303030303030304,-0.7714285714285715,0.15747215747215748,False
background_only,TAL1,2.358119583965938,5.568828711604066,-3.210709127638128,0.01767676767676768,-0.8285714285714286,0.15747215747215748,False
background_only,IL28A,0.0,0.0,0.0,0.5303030303030304,-0.2571428571428571,0.7213070300318624,False
background_only,LTF,8.985982069938729,8.163099593756465,0.8228824761822633,0.7550505050505051,0.14285714285714285,0.900138641315112,False
background_only,CD36,4.864286035322245,8.553657549778576,-3.6893715144563313,0.01767676767676768,-0.8285714285714286,0.15747215747215748,False
background_only,CCL26,1.0350950795625034,4.206815266505591,-3.1717201869430873,0.26767676767676774,-0.42857142857142855,0.43399326599326604,False
background_only,MYD88,6.317921336055449,8.584888500563586,-2.266967164508137,0.04797979797979798,-0.7142857142857143,0.17787632421778765,False
background_only,STAT4,4.0685097114014,4.089847795703633,-0.021338084302233717,0.4318181818181819,-0.3142857142857143,0.6296054065838239,False
background_only,RAG2,0.0,0.0,0.0,1.0,0.0,1.0,False
background_only,NT5E,6.756583230170738,9.449707596123918,-2.6931243659531807,0.07323232323232323,-0.6571428571428571,0.21933621933621933,False
background_only,HLA-DPB1,9.521164869210862,10.372895661414365,-0.8517307922035027,0.26767676767676774,-0.42857142857142855,0.43399326599326604,False
background_only,SELPLG,0.0,3.4631157974819975,-3.4631157974819975,0.07323232323232323,-0.6571428571428571,0.21933621933621933,False
background_only,AIRE,0.0,0.8134091975575445,-0.8134091975575445,0.638888888888889,-0.2,0.8300094966761634,False
background_only,CCR10,0.0,0.3946757192822073,-0.3946757192822073,0.4318181818181819,-0.3142857142857143,0.6296054065838239,False
background_only,CCR5,4.305833856537823,3.904994995361022,0.4008388611768008,0.8762626262626263,0.08571428571428572,0.9866068088290311,False
background_only,KLRC1,0.0,1.5754594940107265,-1.5754594940107265,0.3434343434343435,-0.4,0.5272931333537395,False
background_only,PLA2G2A,0.0,4.5404532199068885,-4.5404532199068885,0.07323232323232323,-0.6571428571428571,0.21933621933621933,False
background_only,KIR3DL3,0.0,0.0,0.0,1.0,0.0,1.0,False
background_only,CXCR1,0.0,0.0,0.0,0.5303030303030304,-0.2857142857142857,0.7213070300318624,False
background_only,TMEM173,6.3931630183580745,8.376216006473783,-1.9830529881157082,0.148989898989899,-0.5428571428571428,0.30811516525802246,False
background_only,TNFSF12,6.371177689127078,9.111842155939481,-2.7406644668124027,0.10606060606060606,-0.6,0.2558922558922559,False
background_only,PSMB5,6.262623448928661,9.450110538205566,-3.187487089276905,0.01767676767676768,-0.8285714285714286,0.15747215747215748,False
background_only,CD3EAP,4.004433857746084,5.6800674630343355,-1.675633605288252,0.20202020202020204,-0.4857142857142857,0.3633972864742096,False
background_only,EDNRB,6.613400318521081,9.153466409783846,-2.540066091262765,0.030303030303030304,-0.7714285714285715,0.15747215747215748,False
background_only,CDH5,5.830637813571657,8.367505917206492,-2.536868103634835,0.04797979797979798,-0.7142857142857143,0.17787632421778765,False
background_only,ITLN2,0.0,0.0,0.0,1.0,0.0,1.0,False
background_only,PSMB7,7.337872747302712,11.011416575495794,-3.6735438281930817,0.01767676767676768,-0.8285714285714286,0.15747215747215748,False
background_only,CD1A,0.0,0.0,0.0,0.8762626262626263,-0.08571428571428572,0.9866068088290311,False
background_only,CD45RA,4.660413896477441,1.4009130452976688,3.259500851179772,0.4318181818181819,0.3142857142857143,0.6296054065838239,False
background_only,CISH,5.836101284862396,7.6348644692793135,-1.7987631844169174,0.10606060606060606,-0.6,0.2558922558922559,False
background_only,FAS,2.530601753464259,4.821244356880461,-2.2906426034162024,0.10606060606060606,-0.6,0.2558922558922559,False
background_only,IRF3,4.305833856537823,6.52848766807657,-2.2226538115387475,0.04797979797979798,-0.7142857142857143,0.17787632421778765,False
background_only,IFNG,0.0,0.0,0.0,1.0,0.0,1.0,False
background_only,NFKB1,4.688075502382366,6.538853237547363,-1.8507777351649963,0.01767676767676768,-0.8285714285714286,0.15747215747215748,False
background_only,MAP4K4,7.044932282977876,8.924754034660198,-1.8798217516823224,0.10606060606060606,-0.6,0.2558922558922559,False
background_only,LITAF,7.753404814586908,10.40776295707108,-2.6543581424841722,0.07323232323232323,-0.6571428571428571,0.21933621933621933,False
background_only,KLRD1,0.0,1.4009130452976688,-1.4009130452976688,0.20202020202020204,-0.4857142857142857,0.3633972864742096,False
background_only,CCR8,0.0,0.0,0.0,0.7550505050505051,-0.14285714285714285,0.900138641315112,False
background_only,IL19,0.0,0.0,0.0,1.0,0.0,1.0,False
background_only,CFH,7.591792245356814,9.233572474439773,-1.6417802290829595,0.030303030303030304,-0.7714285714285715,0.15747215747215748,False
background_only,IL18RAP,1.0888313291377543,3.1304959062942928,-2.0416645771565385,0.26767676767676774,-0.45714285714285713,0.43399326599326604,False
background_only,CLEC4A,3.784307808872598,6.23485856308362,-2.450550754211022,0.07323232323232323,-0.6571428571428571,0.21933621933621933,False
background_only,KLRF1,0.8303578488491387,3.835001346339035,-3.004643497489896,0.030303030303030304,-0.7714285714285715,0.15747215747215748,False
background_only,EBI3,0.0,1.7096742570856176,-1.7096742570856176,0.3434343434343435,-0.37142857142857144,0.5272931333537395,False
background_only,BCL2,6.782005485782238,8.509041189408212,-1.7270357036259734,0.20202020202020204,-0.4857142857142857,0.3633972864742096,True
background_only,HLA-DQA1,7.728255561154738,8.737272222120067,-1.0090166609653295,0.638888888888889,-0.2,0.8300094966761634,False
background_only,IL4,0.0,0.0,0.0,1.0,0.0,1.0,False
background_only,CD70,0.0,0.0,0.0,0.5303030303030304,-0.2857142857142857,0.7213070300318624,False
background_only,CXCL10,3.3290157411977357,4.024219455616495,-0.6952037144187595,1.0,0.02857142857142857,1.0,False
background_only,SMAD3,7.585332509773374,9.36909753900041,-1.7837650292270366,0.04797979797979798,-0.7142857142857143,0.17787632421778765,False
background_only,NFATC2,6.535712806326082,7.494372783578191,-0.9586599772521094,0.26767676767676774,-0.42857142857142855,0.43399326599326604,False
background_only,ITGA2B,0.06935666965985843,2.933702270426491,-2.864345600766632,0.20202020202020204,-0.4857142857142857,0.3633972864742096,False
background_only,PIGR,9.640333969626482,11.727391834274428,-2.087057864647946,0.26767676767676774,-0.42857142857142855,0.43399326599326604,False
background_only,CCL16,0.0,4.341336077216557,-4.341336077216557,0.07323232323232323,-0.6857142857142857,0.21933621933621933,False
background_only,CCL8,2.530601753464259,3.081714907388353,-0.5511131539240943,0.638888888888889,-0.2,0.8300094966761634,False
background_only,EGR1,4.1627809377434914,6.285922352736732,-2.12314141499324,0.26767676767676774,-0.42857142857142855,0.43399326599326604,False
background_only,XCR1,2.336068737604565,2.159048496541525,0.17702024106303993,0.638888888888889,0.2,0.8300094966761634,False
background_only,NCR1,0.0,0.0,0.0,0.7550505050505051,-0.14285714285714285,0.900138641315112,False
background_only,ICOSLG,6.26916440204587,8.481051244616632,-2.2118868425707614,0.04797979797979798,-0.7142857142857143,0.17787632421778765,False
background_only,CSF2,0.0,0.0,0.0,0.7550505050505051,-0.14285714285714285,0.900138641315112,False
background_only,ATG16L1,5.394008118605365,8.186217612694612,-2.7922094940892475,0.01767676767676768,-0.8285714285714286,0.15747215747215748,False
background_only,KIR_Inhibiting_Subgroup_2,0.0,0.0,0.0,1.0,0.0,1.0,False
background_only,IL20,0.0,0.0,0.0,0.5303030303030304,-0.2857142857142857,0.7213070300318624,False
background_only,TRAF5,5.034661485262023,6.993970952915211,-1.9593094676531875,0.04797979797979798,-0.7142857142857143,0.17787632421778765,False
background_only,CCND3,6.068821620595803,8.975751122176504,-2.9069295015807013,0.04797979797979798,-0.7142857142857143,0.17787632421778765,False
background_only,CD9,6.687190176387675,10.06671646757829,-3.379526291190615,0.01767676767676768,-0.8285714285714286,0.15747215747215748,False
background_only,PSMB8,7.858287216285496,9.386446411373363,-1.5281591950878672,0.148989898989899,-0.5428571428571428,0.30811516525802246,False
background_only,TIRAP,2.788912504886657,5.331664721755207,-2.5427522168685495,0.07323232323232323,-0.6571428571428571,0.21933621933621933,False
background_only,GFI1,3.4759949278436455,3.2127046732420492,0.2632902546015963,0.8762626262626263,-0.11428571428571428,0.9866068088290311,False
background_only,CLEC5A,0.9343929660483254,2.094529859286452,-1.1601368932381264,0.20202020202020204,-0.4857142857142857,0.3633972864742096,False
background_only,TLR5,3.5908712880672478,5.96500390981919,-2.3741326217519423,0.030303030303030304,-0.7714285714285715,0.15747215747215748,False
background_only,IRAK2,3.447722843990553,5.46971172348086,-2.021988879490307,0.04797979797979798,-0.7142857142857143,0.17787632421778765,False
background_only,CD74,12.30267519536178,13.316285509952158,-1.0136103145903768,0.26767676767676774,-0.42857142857142855,0.43399326599326604,False
background_only,TIGIT,2.8332982955351387,2.5917096580522507,0.24158863748288795,1.0,-0.02857142857142857,1.0,False
background_only,ITGAX,6.3885017145304825,6.9689071604714625,-0.58040544594098,0.20202020202020204,-0.4857142857142857,0.3633972864742096,False
background_only,CD45R0,7.019903432473879,7.129572828951853,-0.10966939647797425,0.5303030303030304,-0.2571428571428571,0.7213070300318624,False
background_only,CXCL11,1.0350950795625034,0.7142996117927097,0.3207954677697936,0.8762626262626263,0.08571428571428572,0.9866068088290311,False
background_only,ITGAL,5.676013939720145,5.532032308483924,0.14398163123622076,0.8762626262626263,0.08571428571428572,0.9866068088290311,True
background_only,ENTPD1,4.230981215942364,5.500511115115725,-1.269529899173361,0.20202020202020204,-0.4857142857142857,0.3633972864742096,False
background_only,B2M,11.750614094086531,13.889480896772408,-2.138866802685877,0.07323232323232323,-0.6571428571428571,0.21933621933621933,False
background_only,TOLLIP,7.314034987627924,10.15262819535542,-2.838593207727497,0.030303030303030304,-0.7714285714285715,0.15747215747215748,False
background_only,IL1R2,1.6447869027551159,6.072848554911352,-4.428061652156236,0.010101010101010102,-0.8857142857142857,0.15747215747215748,False
background_only,MX1,7.622981703961309,9.1093465775552,-1.4863648735938915,0.148989898989899,-0.5428571428571428,0.30811516525802246,False
background_only,IRF4,5.3265019941208225,4.477085988179479,0.8494160059413431,0.8762626262626263,0.08571428571428572,0.9866068088290311,False
background_only,TBX21,1.474112218907211,3.269135884938162,-1.7950236660309513,0.20202020202020204,-0.4857142857142857,0.3633972864742096,False
background_only,IFNAR2,6.9162153873769,8.722024915975902,-1.8058095285990028,0.148989898989899,-0.5428571428571428,0.30811516525802246,False
background_only,TLR4,6.017434835113506,8.030480660567203,-2.0130458254536974,0.07323232323232323,-0.6571428571428571,0.21933621933621933,False
background_only,HLA-DRB1,4.912985911136111,6.138859551964658,-1.2258736408285467,0.4318181818181819,-0.3142857142857143,0.6296054065838239,False
background_only,PML,7.801218478415233,9.222241549479257,-1.421023071064024,0.20202020202020204,-0.4857142857142857,0.3633972864742096,False
background_only,C1S,8.26574689344578,9.565592148255975,-1.2998452548101955,0.148989898989899,-0.5428571428571428,0.30811516525802246,False
background_only,BATF3,3.1777980189173674,5.098910895811656,-1.9211128768942887,0.148989898989899,-0.5428571428571428,0.30811516525802246,False
background_only,CD80,0.0,2.5917096580522507,-2.5917096580522507,0.3434343434343435,-0.37142857142857144,0.5272931333537395,False
background_only,KIR_Activating_Subgroup_1,0.0,0.0,0.0,0.26767676767676774,-0.42857142857142855,0.43399326599326604,False
background_only,PECAM1,7.947070713945791,10.392608154100094,-2.445537440154303,0.01767676767676768,-0.8285714285714286,0.15747215747215748,False
background_only,NFKB2,6.7248975161102456,8.392232850860252,-1.667335334750006,0.20202020202020204,-0.4857142857142857,0.3633972864742096,False
background_only,IRF7,5.463590307547507,6.797932138759485,-1.3343418312119777,0.26767676767676774,-0.42857142857142855,0.43399326599326604,False
background_only,IFNGR1,7.7618786185620054,10.189165069333878,-2.4272864507718728,0.01767676767676768,-0.8285714285714286,0.15747215747215748,False
background_only,DUSP4,1.9675693885886054,3.7301910072340236,-1.7626216186454182,0.0025252525252525255,-1.0,0.15747215747215748,False
background_only,HLA-A,10.218111548851429,11.684867322181516,-1.466755773330087,0.20202020202020204,-0.4857142857142857,0.3633972864742096,False
background_only,STAT5A,4.795877387299503,7.387726150067566,-2.5918487627680635,0.030303030303030304,-0.7714285714285715,0.15747215747215748,False
background_only,HLA-DMB,5.8524515154989825,7.55666598476839,-1.7042144692694077,0.148989898989899,-0.5428571428571428,0.30811516525802246,False
background_only,IL12B,0.0,0.0,0.0,1.0,0.02857142857142857,1.0,False
background_only,PSMB10,6.586870054655269,7.773187741876746,-1.186317687221477,0.20202020202020204,-0.4857142857142857,0.3633972864742096,True
background_only,PTAFR,5.046545570387455,5.555451949971478,-0.5089063795840234,0.5303030303030304,-0.2571428571428571,0.7213070300318624,False
background_only,STAT6,9.255328450755325,11.152456529045505,-1.89712807829018,0.10606060606060606,-0.6,0.2558922558922559,False
background_only,CD83,4.703169858223886,7.674339670698324,-2.9711698124744386,0.148989898989899,-0.5428571428571428,0.30811516525802246,False
background_only,ATG12,0.0,3.4631157974819975,-3.4631157974819975,0.3434343434343435,-0.4,0.5272931333537395,False
background_only,EGR2,1.474112218907211,1.4009130452976688,0.07319917360954209,1.0,-0.02857142857142857,1.0,False
background_only,ITLN1,0.0,2.8032898673119084,-2.8032898673119084,0.04797979797979798,-0.7142857142857143,0.17787632421778765,False
background_only,IL1RL2,2.336068737604565,4.642719128534705,-2.30665039093014,0.10606060606060606,-0.6,0.2558922558922559,False
background_only,IRF8,6.377245530462349,6.156126515359458,0.22111901510289123,0.638888888888889,0.2,0.8300094966761634,False
background_only,NCF4,4.467737043137903,5.4840530146110575,-1.0163159714731549,0.10606060606060606,-0.6,0.2558922558922559,False
background_only,NFATC1,3.8853914640960996,6.253888077967456,-2.368496613871357,0.030303030303030304,-0.7714285714285715,0.15747215747215748,False
background_only,KLRC3,0.0,0.0,0.0,0.7550505050505051,-0.14285714285714285,0.900138641315112,False
background_only,CD86,1.9675693885886054,3.494526928964395,-1.5269575403757898,0.26767676767676774,-0.42857142857142855,0.43399326599326604,False
background_only,CD1D,2.5634232958150287,3.5193156924234708,-0.955892396608442,0.4318181818181819,-0.3142857142857143,0.6296054065838239,False
background_only,CXCL2,4.651167484200624,5.468285807973667,-0.8171183237730437,0.030303030303030304,-0.7714285714285715,0.15747215747215748,False
background_only,XBP1,8.017082589210052,9.676434682798522,-1.6593520935884705,0.07323232323232323,-0.6571428571428571,0.21933621933621933,False
background_only,CD209,2.9594226718870877,4.066722916575604,-1.1073002446885165,0.148989898989899,-0.5428571428571428,0.30811516525802246,False
background_only,TNFRSF9,0.0,0.0,0.0,0.7550505050505051,-0.14285714285714285,0.900138641315112,False
background_only,GBP5,3.0088541305862813,3.1304959062942928,-0.12164177570801149,1.0,0.02857142857142857,1.0,False
background_only,TNFSF11,0.0,0.0,0.0,1.0,0.0,1.0,False
background_only,LCK,4.742983114948942,3.2864907562219967,1.456492358726945,0.638888888888889,0.22857142857142856,0.8300094966761634,False
background_only,CXCL13,0.0,0.0,0.0,0.7550505050505051,-0.14285714285714285,0.900138641315112,False
background_only,CTLA4-TM,0.0,0.0,0.0,0.638888888888889,0.22857142857142856,0.8300094966761634,False
background_only,IL26,0.0,0.0,0.0,0.5303030303030304,-0.2857142857142857,0.7213070300318624,False
background_only,BCL3,6.742130860257792,7.98478668914032,-1.242655828882528,0.26767676767676774,-0.42857142857142855,0.43399326599326604,False
background_only,IL7R,6.821799700339569,6.633298525550054,0.1885011747895149,1.0,0.02857142857142857,1.0,False
background_only,DPP4,6.410226586414307,10.021416773624809,-3.611190187210502,0.01767676767676768,-0.8285714285714286,0.15747215747215748,False
background_only,IL6,0.0,0.3458160397553716,-0.3458160397553716,0.8762626262626263,-0.11428571428571428,0.9866068088290311,False
background_only,CXCR6,0.0,0.3946757192822073,-0.3946757192822073,0.20202020202020204,-0.4857142857142857,0.3633972864742096,False
background_only,CFD,5.252741742993998,6.83631386280335,-1.583572119809352,0.10606060606060606,-0.6,0.2558922558922559,False
background_only,CCL4,3.812421077137291,5.199961220517169,-1.3875401433798782,0.148989898989899,-0.5428571428571428,0.30811516525802246,False
background_only,DEFB103A,0.0,0.0,0.0,0.4318181818181819,-0.3142857142857143,0.6296054065838239,False
background_only,LILRA1,2.596755973712358,2.658702139167716,-0.06194616545535814,0.7550505050505051,-0.14285714285714285,0.900138641315112,False
background_only,NOS2,0.0,4.477085988179479,-4.477085988179479,0.04797979797979798,-0.7142857142857143,0.17787632421778765,False
background_only,SLAMF7,2.760886531726267,1.4009130452976688,1.3599734864285984,0.7550505050505051,0.14285714285714285,0.900138641315112,False
background_only,LTBR,7.748523280810508,10.014398353383989,-2.265875072573481,0.01767676767676768,-0.8285714285714286,0.15747215747215748,False
background_only,IRF5,4.230981215942364,6.771765035945229,-2.540783820002865,0.10606060606060606,-0.6,0.2558922558922559,False
background_only,ITGA4,4.813884633425871,4.908242553830025,-0.09435792040415425,0.638888888888889,-0.2,0.8300094966761634,False
background_only,PDCD2,5.4279161545156445,7.377771421255209,-1.949855266739564,0.04797979797979798,-0.7142857142857143,0.17787632421778765,False
background_only,CDKN1A,5.002218632203113,7.645808779178526,-2.643590146975413,0.010101010101010102,-0.8857142857142857,0.15747215747215748,False
background_only,IGF2R,6.185433004963403,9.437275331340645,-3.2518423263772425,0.030303030303030304,-0.7714285714285715,0.15747215747215748,False
background_only,SERPING1,10.159933442826954,11.69673554741623,-1.5368021045892757,0.07323232323232323,-0.6571428571428571,0.21933621933621933,False
background_only,PTPN2,5.078017400241327,7.541258262719941,-2.4632408624786137,0.10606060606060606,-0.6,0.2558922558922559,False
background_only,CCR6,0.8303578488491387,3.494526928964395,-2.6641690801152564,0.26767676767676774,-0.42857142857142855,0.43399326599326604,False
background_only,HLA-DRA,9.9940395831109,11.409405854353404,-1.4153662712425028,0.148989898989899,-0.5428571428571428,0.30811516525802246,False
background_only,GPI,8.662230486827706,11.23617619866988,-2.573945711842173,0.01767676767676768,-0.8285714285714286,0.15747215747215748,False
background_only,CD46,7.8628116875477145,11.019219723163017,-3.1564080356153026,0.01767676767676768,-0.8285714285714286,0.15747215747215748,False
background_only,RORC,3.9190555825627356,8.019402815392404,-4.100347232829668,0.01767676767676768,-0.8285714285714286,0.15747215747215748,False
background_only,KIR3DL2,0.0,0.0,0.0,0.7550505050505051,-0.14285714285714285,0.900138641315112,False
background_only,PSMB9,6.615434670666039,8.05698796831296,-1.4415532976469212,0.26767676767676774,-0.42857142857142855,0.43399326599326604,False
background_only,PTGER4,5.040501743523614,7.025855440186986,-1.9853536966633722,0.148989898989899,-0.5428571428571428,0.30811516525802246,False
background_only,C6,4.813884633425871,6.03267837827931,-1.2187937448534392,0.148989898989899,-0.5428571428571428,0.30811516525802246,False
background_only,TNFSF13B,4.943833504039006,5.643287771176676,-0.6994542671376704,0.20202020202020204,-0.4857142857142857,0.3633972864742096,False
background_only,PTPN22,3.55803815105819,3.909593246309372,-0.3515550952511819,0.4318181818181819,-0.3142857142857143,0.6296054065838239,False
background_only,PTK2,7.935330832750222,10.757778511229962,-2.8224476784797394,0.01767676767676768,-0.8285714285714286,0.15747215747215748,False
background_only,LAMP3,1.9176709527354177,0.3946757192822073,1.5229952334532104,0.7550505050505051,0.14285714285714285,0.900138641315112,False
background_only,FCGR2A,5.034661485262023,6.86134588068096,-1.826684395418937,0.20202020202020204,-0.4857142857142857,0.3633972864742096,False
background_only,IFI16,6.963221241271742,8.404108478319078,-1.4408872370473356,0.26767676767676774,-0.42857142857142855,0.43399326599326604,False
background_only,POU2F2,4.795877387299503,4.741863838138951,0.05401354916055201,1.0,0.02857142857142857,1.0,False
background_only,LILRA2,0.17250883420263924,2.4958707608450776,-2.3233619266424386,0.3434343434343435,-0.37142857142857144,0.5272931333537395,False
background_only,NOD1,4.230981215942364,6.006093088036179,-1.7751118720938148,0.07323232323232323,-0.6571428571428571,0.21933621933621933,False
background_only,sCTLA4,0.0,0.0,0.0,1.0,0.0,1.0,False
background_only,PDGFRB,7.875154192492141,9.992182389611957,-2.117028197119816,0.07323232323232323,-0.6571428571428571,0.21933621933621933,False
background_only,UBE2L3,6.555344513835133,8.46870903267843,-1.913364518843296,0.030303030303030304,-0.7714285714285715,0.15747215747215748,False
background_only,IL27,0.0,0.0,0.0,0.7550505050505051,-0.14285714285714285,0.900138641315112,False
background_only,TNFRSF17,2.6151847726978628,0.0,2.6151847726978628,0.5303030303030304,0.2571428571428571,0.7213070300318624,False
background_only,GBP1,4.860428946393486,6.86134588068096,-2.000916934287474,0.10606060606060606,-0.6,0.2558922558922559,False
background_only,CD24,10.831407814553714,12.802167133632189,-1.970759319078475,0.20202020202020204,-0.4857142857142857,0.3633972864742096,False
background_only,IL21,0.0,0.0,0.0,0.5303030303030304,-0.2857142857142857,0.7213070300318624,False
background_only,CD34,4.25753996102172,6.114176880468432,-1.8566369194467116,0.04797979797979798,-0.7142857142857143,0.17787632421778765,False
background_only,TNFSF8,0.8303578488491387,2.2501609929973685,-1.4198031441482297,0.148989898989899,-0.5428571428571428,0.30811516525802246,False
background_only,C1R,9.170048348337406,10.696503531291032,-1.526455182953626,0.20202020202020204,-0.4857142857142857,0.3633972864742096,False
background_only,C8B,0.0,0.0,0.0,1.0,0.0,1.0,False
background_only,IL29,0.0,0.0,0.0,1.0,0.0,1.0,False
background_only,IKZF3,4.230981215942364,3.555492164074654,0.6754890518677104,0.638888888888889,0.2,0.8300094966761634,False
background_only,GPR183,4.7074704930048625,4.461274884085218,0.24619560891964465,0.8762626262626263,-0.08571428571428572,0.9866068088290311,False
background_only,IL2,0.0,0.0,0.0,1.0,0.0,1.0,False
background_only,LAIR1,6.017434835113506,6.854960105996243,-0.837525270882737,0.3434343434343435,-0.37142857142857144,0.5272931333537395,False
background_only,AHR,7.964503332143904,9.412177412622047,-1.4476740804781425,0.20202020202020204,-0.4857142857142857,0.3633972864742096,False
background_only,IKBKG,5.980185666668119,7.8090984318135535,-1.8289127651454349,0.10606060606060606,-0.6,0.2558922558922559,False
background_only,BCAP31,8.647635599737166,11.19492356077561,-2.5472879610384442,0.04797979797979798,-0.7142857142857143,0.17787632421778765,False
background_only,CD8B,2.817469504187277,2.3300209053412293,0.4874485988460475,1.0,-0.02857142857142857,1.0,False
background_only,CCL24,0.0,3.4631157974819975,-3.4631157974819975,0.04797979797979798,-0.7142857142857143,0.17787632421778765,False
background_only,CEACAM8,0.0,0.0,0.0,0.7550505050505051,-0.14285714285714285,0.900138641315112,False
background_only,CD14,7.73504315372884,8.755791807274791,-1.020748653545951,0.20202020202020204,-0.4857142857142857,0.3633972864742096,False
background_only,ITGA5,5.244547892708438,7.834602954181787,-2.5900550614733495,0.04797979797979798,-0.7142857142857143,0.17787632421778765,False
background_only,CD55,3.5742330950028567,6.13575334296586,-2.5615202479630037,0.04797979797979798,-0.7142857142857143,0.17787632421778765,False
background_only,CD164,7.642254821338198,10.804507139534417,-3.162252318196219,0.01767676767676768,-0.8285714285714286,0.15747215747215748,False
background_only,ARG2,5.359283912186532,8.551788495257608,-3.1925045830710754,0.01767676767676768,-0.8285714285714286,0.15747215747215748,False
background_only,BATF,1.9176709527354177,3.42725206741281,-1.5095811146773925,0.7550505050505051,-0.14285714285714285,0.900138641315112,False
background_only,MSR1,5.277171193328909,6.93050440620455,-1.6533332128756406,0.10606060606060606,-0.6,0.2558922558922559,False
background_only,CSF1R,2.6151847726978628,4.344448406704706,-1.7292636340068435,0.20202020202020204,-0.4857142857142857,0.3633972864742096,False
background_only,IL5,0.0,0.0,0.0,0.7550505050505051,-0.14285714285714285,0.900138641315112,False
background_only,IRAK1,6.492642334287119,8.205895222116599,-1.71325288782948,0.04797979797979798,-0.7142857142857143,0.17787632421778765,False
background_only,IFNB1,0.0,0.0,0.0,1.0,0.0,1.0,False
background_only,TNFRSF1B,4.943833504039006,6.819927477384711,-1.8760939733457054,0.148989898989899,-0.5428571428571428,0.30811516525802246,False
background_only,CASP8,6.039536009518289,8.291468405986832,-2.2519323964685425,0.20202020202020204,-0.4857142857142857,0.3633972864742096,False
background_only,IFIT2,4.703169858223886,6.647758729457132,-1.944588871233246,0.10606060606060606,-0.6,0.2558922558922559,False
background_only,LILRB3,3.70589484157689,4.30431823002883,-0.5984233884519399,0.7550505050505051,-0.14285714285714285,0.900138641315112,False
background_only,NLRP3,3.155601321318034,3.8102504256391945,-0.6546491043211606,0.3434343434343435,-0.37142857142857144,0.5272931333537395,False
background_only,JAK2,6.60064513928048,9.267523268131413,-2.666878128850933,0.04797979797979798,-0.7142857142857143,0.17787632421778765,False
background_only,CSF2RB,5.801627568512817,5.636838016704295,0.16478955180852228,1.0,-0.02857142857142857,1.0,False
background_only,CCL3,3.5908712880672478,4.150345150141421,-0.559473862074173,0.4318181818181819,-0.3142857142857143,0.6296054065838239,False
background_only,CLEC6A,0.0,0.0,0.0,1.0,0.0,1.0,False
background_only,IL9,0.0,0.0,0.0,1.0,0.0,1.0,False
background_only,CX3CL1,5.516586511253281,8.216581948921739,-2.6999954376684583,0.01767676767676768,-0.8285714285714286,0.15747215747215748,False
background_only,TNFSF4,0.0,5.064632926204192,-5.064632926204192,0.01767676767676768,-0.8285714285714286,0.15747215747215748,False
background_only,BTLA,3.3290157411977357,3.835001346339035,-0.5059856051412992,0.8762626262626263,0.08571428571428572,0.9866068088290311,False
background_only,C2,6.131898449016523,6.706892451451262,-0.5749940024347389,0.148989898989899,-0.5428571428571428,0.30811516525802246,False
background_only,IL6ST,9.764953256067047,12.016970582438281,-2.2520173263712344,0.01767676767676768,-0.8285714285714286,0.15747215747215748,False
background_only,BCL10,7.276582725039658,9.545487473533608,-2.2689047484939504,0.04797979797979798,-0.7142857142857143,0.17787632421778765,False
background_only,PAX5,0.0,0.0,0.0,0.8762626262626263,-0.08571428571428572,0.9866068088290311,False
background_only,IFNA2,0.0,0.0,0.0,0.26767676767676774,-0.42857142857142855,0.43399326599326604,False
background_only,CD276,7.322372094363808,9.214271282748816,-1.8918991883850085,0.10606060606060606,-0.6,0.2558922558922559,False
background_only,CD58,6.061303710111664,8.046939551605497,-1.985635841493833,0.01767676767676768,-0.8285714285714286,0.15747215747215748,False
background_only,FKBP5,6.6018007434782,11.391650322305564,-4.789849578827364,0.030303030303030304,-0.7714285714285715,0.15747215747215748,False
background_only,IRF1,6.229765724246959,7.386419938548471,-1.1566542143015122,0.20202020202020204,-0.4857142857142857,0.3633972864742096,False
background_only,ATM,0.0,3.0556550544894012,-3.0556550544894012,0.3434343434343435,-0.37142857142857144,0.5272931333537395,False
background_only,IL2RB,5.277171193328909,4.410807111872099,0.8663640814568101,0.7550505050505051,0.14285714285714285,0.900138641315112,False
background_only,CCL19,9.214627583270968,6.138859551964658,3.0757680313063096,0.07323232323232323,0.6571428571428571,0.21933621933621933,False
background_only,IFI35,5.4279161545156445,6.618691917649899,-1.1907757631342548,0.07323232323232323,-0.6571428571428571,0.21933621933621933,False
background_only,CCL11,4.6954975981999585,4.726079271177331,-0.030581672977372243,0.8762626262626263,0.08571428571428572,0.9866068088290311,False
background_only,HLA-DMA,7.2950732311041815,8.83058134167068,-1.5355081105664983,0.148989898989899,-0.5428571428571428,0.30811516525802246,False
background_only,LILRB2,3.3290157411977357,4.88098921232865,-1.5519734711309146,0.7550505050505051,-0.14285714285714285,0.900138641315112,False
background_only,KLRC4,2.760886531726267,4.5431646954388,-1.7822781637125327,0.20202020202020204,-0.4857142857142857,0.3633972864742096,False
background_only,KLRG1,3.289558048645608,2.8032898673119084,0.48626818133369953,1.0,0.02857142857142857,1.0,False
background_only,MAF,4.58791991943956,7.83487960652322,-3.2469596870836597,0.030303030303030304,-0.7714285714285715,0.15747215747215748,False
background_only,HLA-DPA1,9.842001612812131,10.788741270753729,-0.9467396579415972,0.4318181818181819,-0.3142857142857143,0.6296054065838239,False
background_only,TNFAIP6,0.0,0.0,0.0,0.7550505050505051,-0.14285714285714285,0.900138641315112,False
background_only,LTB4R,3.5908712880672478,6.262233174167613,-2.671361886100365,0.07323232323232323,-0.6571428571428571,0.21933621933621933,False
background_only,IL13,0.0,0.0,0.0,1.0,0.0,1.0,False
background_only,CD247,4.152031380969789,3.8833626830169523,0.26866869795283677,0.7550505050505051,0.14285714285714285,0.900138641315112,False
background_only,CASP2,5.578278373802542,8.024952370714786,-2.446673996912244,0.10606060606060606,-0.6,0.2558922558922559,False
background_only,ITGB2,6.765244671288123,7.914509928869463,-1.14926525758134,0.26767676767676774,-0.42857142857142855,0.43399326599326604,False
background_only,TAPBP,7.7618786185620054,10.179001983544856,-2.4171233649828503,0.148989898989899,-0.5428571428571428,0.30811516525802246,True
background_only,IL1R1,6.585702423953431,7.954081727886189,-1.368379303932758,0.07323232323232323,-0.6571428571428571,0.21933621933621933,False
background_only,C1QBP,8.13980328376547,10.772537988451308,-2.632734704685838,0.030303030303030304,-0.7714285714285715,0.15747215747215748,False
background_only,PTPRC_all,7.575751958578572,7.7300600935401675,-0.15430813496159512,0.7550505050505051,-0.14285714285714285,0.900138641315112,False
background_only,S100A9,6.3597849865713965,6.686894432204589,-0.32710944563319266,0.4318181818181819,-0.3142857142857143,0.6296054065838239,False
background_only,MAPK11,1.6084538208076615,5.6226630302593845,-4.014209209451723,0.01767676767676768,-0.8285714285714286,0.15747215747215748,False
background_only,GP1BB,2.5634232958150287,4.435674362006373,-1.8722510661913443,0.030303030303030304,-0.7714285714285715,0.15747215747215748,False
background_only,CLU,0.0,0.0,0.0,0.4318181818181819,-0.3142857142857143,0.6296054065838239,False
background_only,MBL2,0.0,0.0,0.0,1.0,0.0,1.0,False
background_only,FCER1G,6.410226586414307,7.116420479887108,-0.7061938934728005,0.20202020202020204,-0.4857142857142857,0.3633972864742096,False
background_only,C1QA,6.631206406390795,7.8167673753911,-1.1855609690003046,0.20202020202020204,-0.4857142857142857,0.3633972864742096,True
background_only,SLC2A1,2.760886531726267,5.9381598500296935,-3.1772733183034263,0.07323232323232323,-0.6571428571428571,0.21933621933621933,False
background_only,VCAM1,8.165154469370687,9.511273044581626,-1.346118575210939,0.26767676767676774,-0.42857142857142855,0.43399326599326604,False
background_only,IL18,5.647516468507804,7.497910575695574,-1.8503941071877703,0.07323232323232323,-0.6571428571428571,0.21933621933621933,False
background_only,KLRAP1,0.0,2.9003745373738683,-2.9003745373738683,0.10606060606060606,-0.6,0.2558922558922559,False
background_only,CCL18,2.358119583965938,1.3022909589169767,1.0558286250489615,0.5303030303030304,0.2571428571428571,0.7213070300318624,False
background_only,IL1RAP,3.55803815105819,6.499306999280256,-2.9412688482220655,0.030303030303030304,-0.7714285714285715,0.15747215747215748,False
background_only,NOD2,0.9343929660483254,2.409973932749479,-1.4755809667011535,0.4318181818181819,-0.3142857142857143,0.6296054065838239,False
background_only,TGFB1,6.322815957238351,8.08617529439414,-1.763359337155789,0.148989898989899,-0.5428571428571428,0.30811516525802246,False
background_only,NFKBIA,8.570042572133858,11.260017539118868,-2.6899749669850106,0.01767676767676768,-0.8285714285714286,0.15747215747215748,False
background_only,HRAS,5.040501743523614,7.610775362758771,-2.5702736192351567,0.010101010101010102,-0.8857142857142857,0.15747215747215748,False
background_only,DEFB103B,0.0,0.0,0.0,0.5303030303030304,-0.2857142857142857,0.7213070300318624,False
background_only,ADA,3.1339130373482615,5.258174778605997,-2.1242617412577354,0.030303030303030304,-0.7714285714285715,0.15747215747215748,False
background_only,TAGAP,4.5315072676329775,4.194926007392613,0.33658126024036417,0.8762626262626263,0.08571428571428572,0.9866068088290311,False
background_only,ICAM1,5.901545773819022,7.952784101218819,-2.0512383273997976,0.20202020202020204,-0.4857142857142857,0.3633972864742096,False
background_only,IFITM1,8.188727923001842,9.960677062510065,-1.771949139508223,0.148989898989899,-0.5428571428571428,0.30811516525802246,False
background_only,RELB,4.5315072676329775,5.713316452125113,-1.1818091844921357,0.8762626262626263,-0.08571428571428572,0.9866068088290311,False
background_only,XCL1,0.0,0.0,0.0,0.5303030303030304,-0.2857142857142857,0.7213070300318624,False
background_only,CD160,0.0,0.0,0.0,0.8762626262626263,0.11428571428571428,0.9866068088290311,False
background_only,S1PR1,2.2564450063581867,5.6529065427762815,-3.396461536418095,0.04797979797979798,-0.7142857142857143,0.17787632421778765,False
background_only,TGFBR2,7.837805311366184,10.326733802586658,-2.4889284912204737,0.07323232323232323,-0.6571428571428571,0.21933621933621933,False
background_only,CD163,6.250336636335091,8.29350548826341,-2.0431688519283187,0.030303030303030304,-0.7714285714285715,0.15747215747215748,False
background_only,CXCR3,4.0982019658879185,2.109242607368005,1.9889593585199137,0.5303030303030304,0.2571428571428571,0.7213070300318624,True
background_only,BLNK,5.2007760791621305,7.479507071559871,-2.2787309923977404,0.030303030303030304,-0.7714285714285715,0.15747215747215748,False
background_only,KLRG2,0.0,3.5193156924234708,-3.5193156924234708,0.030303030303030304,-0.7714285714285715,0.15747215747215748,False
background_only,HLA-B,10.039093167272348,11.484197234694795,-1.445104067422447,0.20202020202020204,-0.4857142857142857,0.3633972864742096,False
background_only,CD244,0.0,1.4632872779155899,-1.4632872779155899,1.0,-0.02857142857142857,1.0,False
background_only,CXCL12,10.067136011173286,12.046208180831451,-1.9790721696581652,0.3434343434343435,-0.37142857142857144,0.5272931333537395,False
background_only,KCNJ2,2.760886531726267,4.394248404056318,-1.6333618723300511,0.10606060606060606,-0.6,0.2558922558922559,False
background_only,S100A8,4.004433857746084,5.79353703586717,-1.7891031781210867,0.030303030303030304,-0.7714285714285715,0.15747215747215748,False
background_only,TNFSF15,5.166357391663449,6.86134588068096,-1.6949884890175113,0.10606060606060606,-0.6,0.2558922558922559,False
background_only,IL6R,4.809890223379448,7.0417397356803155,-2.231849512300868,0.030303030303030304,-0.7714285714285715,0.15747215747215748,False
background_only,CLEC4E,2.6151847726978628,5.272048821189475,-2.6568640484916126,0.010101010101010102,-0.8857142857142857,0.15747215747215748,False
background_only,CD28,2.5634232958150287,2.933702270426491,-0.3702789746114621,0.7550505050505051,0.14285714285714285,0.900138641315112,False
background_only,C4A/B,9.499403697772019,11.732912481206288,-2.233508783434269,0.26767676767676774,-0.42857142857142855,0.43399326599326604,False
background_only,LCP2,7.605687861202155,8.263572720063198,-0.6578848588610438,0.26767676767676774,-0.42857142857142855,0.43399326599326604,False
background_only,GZMK,5.2007760791621305,4.7355593552799915,0.46521672388213897,0.7550505050505051,0.14285714285714285,0.900138641315112,False
background_only,IL12A,0.0,0.0,0.0,1.0,0.0,1.0,False
background_only,TYK2,5.8524515154989825,8.2912668126708,-2.4388152971718178,0.01767676767676768,-0.8285714285714286,0.15747215747215748,False
background_only,FCGR1A/B,3.190143363809114,3.904994995361022,-0.714851631551908,0.20202020202020204,-0.4857142857142857,0.3633972864742096,False
background_only,KLRB1,5.694270855729339,5.0141163370058,0.6801545187235396,0.7550505050505051,0.14285714285714285,0.900138641315112,False
background_only,CD79B,4.8469007612284845,3.6223033951139567,1.2245973661145277,0.3434343434343435,0.37142857142857144,0.5272931333537395,False
background_only,SH2D1A,1.1944502076187742,0.8134091975575445,0.3810410100612297,1.0,0.02857142857142857,1.0,False
background_only,TLR8,3.0088541305862813,3.909593246309372,-0.9007391157230908,0.7550505050505051,-0.14285714285714285,0.900138641315112,False
background_only,IL7,0.0,2.3980410083801478,-2.3980410083801478,0.26767676767676774,-0.42857142857142855,0.43399326599326604,False
background_only,CD274,1.6084538208076615,4.929137754766441,-3.3206839339587795,0.10606060606060606,-0.6,0.2558922558922559,False
background_only,FCGR3A/B,4.1627809377434914,6.176215987474019,-2.0134350497305276,0.04797979797979798,-0.7142857142857143,0.17787632421778765,False
background_only,LILRA4,1.5415576339383477,0.0,1.5415576339383477,0.030303030303030304,0.8,0.15747215747215748,False
background_only,LGALS3,7.398984132680348,10.425546003710322,-3.0265618710299735,0.01767676767676768,-0.8285714285714286,0.15747215747215748,False
background_only,DEFB4A,0.0,0.0,0.0,0.26767676767676774,-0.42857142857142855,0.43399326599326604,False
background_only,RUNX1,5.2007760791621305,5.594388722455936,-0.39361264329380585,0.638888888888889,-0.2,0.8300094966761634,False
background_only,BID,0.0,2.094529859286452,-2.094529859286452,0.04797979797979798,-0.7142857142857143,0.17787632421778765,False
background_only,DEFB1,5.282109354039937,8.210986132176165,-2.928876778136228,0.01767676767676768,-0.8285714285714286,0.15747215747215748,False
background_only,LTB4R2,4.1738668807125485,6.317545739211251,-2.1436788584987028,0.07323232323232323,-0.6571428571428571,0.21933621933621933,False
background_only,CTSC,8.760813495456258,11.731433962408648,-2.97062046695239,0.030303030303030304,-0.7714285714285715,0.15747215747215748,False
background_only,CXCR2,0.0,3.588340023748581,-3.588340023748581,0.0025252525252525255,-1.0,0.15747215747215748,False
background_only,TNFRSF11A,1.9675693885886054,4.30431823002883,-2.3367488414402247,0.04797979797979798,-0.7142857142857143,0.17787632421778765,False
background_only,JAK3,5.239479246540828,5.295387640810182,-0.05590839426935368,0.8762626262626263,-0.08571428571428572,0.9866068088290311,False
background_only,CCL13,3.1339130373482615,2.109242607368005,1.0246704299802567,0.3434343434343435,0.37142857142857144,0.5272931333537395,False
background_only,TRAF3,5.63744002336637,7.333342057667233,-1.6959020343008628,0.26767676767676774,-0.42857142857142855,0.43399326599326604,False
background_only,PDCD1LG2,0.0,3.42725206741281,-3.42725206741281,0.07323232323232323,-0.6571428571428571,0.21933621933621933,False
background_only,RAG1,0.06935666965985843,5.020866717325041,-4.951510047665183,0.04797979797979798,-0.7142857142857143,0.17787632421778765,False
background_only,NFATC3,6.205121246226357,8.964243246393714,-2.7591220001673573,0.01767676767676768,-0.8285714285714286,0.15747215747215748,False
background_only,TNFRSF10C,2.530601753464259,4.508261256783364,-1.9776595033191056,0.10606060606060606,-0.6,0.2558922558922559,False
background_only,IL21R,1.9675693885886054,2.692918572095946,-0.7253491835073405,0.638888888888889,-0.2,0.8300094966761634,False
background_only,IL22,0.0,0.0,0.0,1.0,0.0,1.0,False
background_only,KIR_Activating_Subgroup_2,0.0,0.0,0.0,0.5303030303030304,-0.2857142857142857,0.7213070300318624,False
background_only,IL12RB1,3.0227258506188237,3.269135884938162,-0.2464100343193385,1.0,-0.05714285714285714,1.0,False
background_only,SMAD5,6.127449348110251,8.698587308834872,-2.571137960724621,0.01767676767676768,-0.8285714285714286,0.15747215747215748,False
background_only,CD48,5.078017400241327,5.296995003973709,-0.21897760373238206,1.0,-0.02857142857142857,1.0,False
background_only,CD19,1.7174630154412225,0.0,1.7174630154412225,0.20202020202020204,0.5142857142857142,0.3633972864742096,False
background_only,LTA,0.0,1.1832448827120745,-1.1832448827120745,1.0,0.0,1.0,False
background_only,TRAF2,5.313903418359651,7.420135983249405,-2.106232564889754,0.07323232323232323,-0.6571428571428571,0.21933621933621933,False
background_only,FCGR2A/C,7.177699840681372,8.379500217050037,-1.2018003763686647,0.04797979797979798,-0.7142857142857143,0.17787632421778765,False
background_only,CD96,5.933738251981807,4.443431562440969,1.4903066895408381,0.5303030303030304,0.2571428571428571,0.7213070300318624,False
background_only,GZMA,5.078017400241327,5.75563874646976,-0.6776213462284328,0.5303030303030304,-0.2571428571428571,0.7213070300318624,False
background_only,TFRC,5.972190066543007,8.94915807201413,-2.9769680054711234,0.010101010101010102,-0.8857142857142857,0.15747215747215748,False
background_only,CD44,8.565209210373272,9.64802432542275,-1.0828151150494776,0.148989898989899,-0.5428571428571428,0.30811516525802246,False
background_only,MASP2,0.0,0.0,0.0,0.5303030303030304,-0.2857142857142857,0.7213070300318624,False
background_only,MASP1,4.742983114948942,7.111353436868861,-2.3683703219199197,0.10606060606060606,-0.6,0.2558922558922559,False
background_only,ILF3,8.37407496444774,10.895780402847821,-2.5217054384000814,0.04797979797979798,-0.7142857142857143,0.17787632421778765,False
background_only,ZBTB16,5.488999714636948,9.927418516367853,-4.438418801730905,0.07323232323232323,-0.6571428571428571,0.21933621933621933,False
background_only,PTPN6,6.165472359501365,7.837674346607089,-1.6722019871057237,0.26767676767676774,-0.42857142857142855,0.43399326599326604,False
background_only,C14orf166,7.901164061242053,10.604804191366542,-2.703640130124489,0.01767676767676768,-0.8285714285714286,0.15747215747215748,False
background_only,C1QB,7.1408503865082595,8.570883616378703,-1.4300332298704435,0.3434343434343435,-0.37142857142857144,0.5272931333537395,False
background_only,CD99,8.930882926218425,10.973174192007063,-2.042291265788638,0.07323232323232323,-0.6571428571428571,0.21933621933621933,False
background_only,ICOS,0.0,0.3458160397553716,-0.3458160397553716,0.7550505050505051,-0.17142857142857143,0.900138641315112,False
background_only,C5,4.325476270545875,7.172636218050527,-2.847159947504652,0.04797979797979798,-0.7142857142857143,0.17787632421778765,False
background_only,MCL1,8.412688925548872,10.725349473786347,-2.3126605482374742,0.010101010101010102,-0.8857142857142857,0.15747215747215748,False
background_only,TLR9,3.4658763703840534,3.0480390274245934,0.41783734295945996,1.0,0.02857142857142857,1.0,False
background_only,LILRA6,0.0,0.0,0.0,1.0,0.05714285714285714,1.0,False
background_only,MAP4K1,5.801627568512817,5.180739430590121,0.6208881379226963,1.0,0.02857142857142857,1.0,False
background_only,PSMD7,6.742130860257792,9.907297603055712,-3.16516674279792,0.01767676767676768,-0.8285714285714286,0.15747215747215748,False
background_only,TGFBI,7.2362833393067545,9.322538563007496,-2.086255223700742,0.20202020202020204,-0.4857142857142857,0.3633972864742096,False
background_only,MS4A1,4.77022520773661,0.0,4.77022520773661,0.148989898989899,0.5428571428571428,0.30811516525802246,False
background_only,CEACAM6,0.0,0.0,0.0,0.5303030303030304,-0.2571428571428571,0.7213070300318624,False
background_only,IL16,6.26916440204587,6.397711374308391,-0.12854697226252032,0.638888888888889,-0.2,0.8300094966761634,False
background_only,TRAF6,6.192332600813445,8.47277558977092,-2.2804429889574758,0.030303030303030304,-0.7714285714285715,0.15747215747215748,False
background_only,MIF,8.562430377186018,11.587435723806516,-3.025005346620498,0.01767676767676768,-0.8285714285714286,0.15747215747215748,False
background_only,SOCS1,4.152031380969789,6.118239315904994,-1.9662079349352046,0.01767676767676768,-0.8285714285714286,0.15747215747215748,False
background_only,KIR3DL1,0.0,0.0,0.0,1.0,0.0,1.0,False
background_only,IL23A,0.0,0.0,0.0,0.638888888888889,-0.2,0.8300094966761634,False
background_only,CCR7,3.340137324042325,0.0,3.340137324042325,0.148989898989899,0.5714285714285714,0.30811516525802246,False
background_only,TLR1,4.3769936617093075,6.700166467921856,-2.3231728062125487,0.10606060606060606,-0.6,0.2558922558922559,False
background_only,IL18R1,4.3769936617093075,6.413981064797934,-2.0369874030886264,0.04797979797979798,-0.7142857142857143,0.17787632421778765,False
background_only,RAF1,5.645276507378964,9.015320826625782,-3.3700443192468184,0.01767676767676768,-0.8285714285714286,0.15747215747215748,False
background_only,IL15,3.4658763703840534,6.072848554911352,-2.6069721845272986,0.148989898989899,-0.5428571428571428,0.30811516525802246,False
background_only,IKZF2,2.9594226718870877,5.594388722455936,-2.6349660505688486,0.030303030303030304,-0.7714285714285715,0.15747215747215748,False
background_only,CD4,5.578278373802542,6.615123843448245,-1.0368454696457032,0.26767676767676774,-0.42857142857142855,0.43399326599326604,False
background_only,IRAK3,2.336068737604565,5.331664721755207,-2.9955959841506417,0.04797979797979798,-0.7142857142857143,0.17787632421778765,False
background_only,NFIL3,3.5908712880672478,5.95373792577141,-2.3628666377041623,0.010101010101010102,-0.8857142857142857,0.15747215747215748,False
background_only,CIITA,5.034661485262023,6.340350875885203,-1.3056893906231801,0.26767676767676774,-0.42857142857142855,0.43399326599326604,False
background_only,CCRL1,4.325476270545875,5.64466751672951,-1.3191912461836353,0.04797979797979798,-0.7142857142857143,0.17787632421778765,False
background_only,PPARG,3.600152774104872,7.058691487249518,-3.4585387131446454,0.01767676767676768,-0.8285714285714286,0.15747215747215748,False
background_only,TLR2,4.703169858223886,6.581311462720772,-1.8781416044968866,0.10606060606060606,-0.6,0.2558922558922559,False
background_only,CD2,4.152031380969789,2.648665526225753,1.503365854744036,0.26767676767676774,0.42857142857142855,0.43399326599326604,False
background_only,IKBKAP,5.758276967377549,7.973099615953191,-2.214822648575642,0.07323232323232323,-0.6571428571428571,0.21933621933621933,False
background_only,SLAMF6,0.0,0.0,0.0,0.7550505050505051,-0.14285714285714285,0.900138641315112,False
background_only,TNFRSF8,1.5415576339383477,3.0556550544894012,-1.5140974205510536,0.5303030303030304,-0.2857142857142857,0.7213070300318624,False
background_only,STAT1,7.814595389408307,9.127403377353621,-1.3128079879453143,0.148989898989899,-0.5428571428571428,0.30811516525802246,False
background_only,CRADD,4.325476270545875,8.151122457640675,-3.8256461870948,0.030303030303030304,-0.7714285714285715,0.15747215747215748,False
background_only,HLA-C,9.106241040656078,11.22539704018796,-2.1191559995318823,0.10606060606060606,-0.6,0.2558922558922559,False
background_only,GNLY,0.0,4.110268822633439,-4.110268822633439,0.10606060606060606,-0.6,0.2558922558922559,False
background_only,CCL5,5.516586511253281,5.322942182309459,0.19364432894382144,1.0,0.02857142857142857,1.0,True
background_only,ITGAE,3.784307808872598,6.499306999280256,-2.714999190407658,0.01767676767676768,-0.8285714285714286,0.15747215747215748,False
background_only,FCGRT,9.100791751868966,11.663253276995938,-2.562461525126972,0.10606060606060606,-0.6,0.2558922558922559,False
background_only,IL10,0.0,0.0,0.0,0.3434343434343435,0.4,0.5272931333537395,False
background_only,CD59,9.440408524288939,12.3049988972122,-2.864590372923262,0.04797979797979798,-0.7142857142857143,0.17787632421778765,False
background_only,CCBP2,0.9343929660483254,5.436783062335467,-4.502390096287141,0.04797979797979798,-0.7142857142857143,0.17787632421778765,False
background_only,STAT2,8.06096201519668,10.368802030524881,-2.3078400153282015,0.148989898989899,-0.5428571428571428,0.30811516525802246,True
background_only,CD7,0.8303578488491387,1.72885533510019,-0.8984974862510514,0.7550505050505051,0.14285714285714285,0.900138641315112,False
background_only,IFNAR1,3.979853991290072,6.483270867231302,-2.50341687594123,0.04797979797979798,-0.7142857142857143,0.17787632421778765,False
background_only,ITGB1,8.657418948264114,11.154480302945522,-2.497061354681408,0.030303030303030304,-0.7714285714285715,0.15747215747215748,False
background_only,SIGIRR,5.808623129640795,8.86811528999362,-3.059492160352825,0.01767676767676768,-0.8285714285714286,0.15747215747215748,False
background_only,PDGFB,3.7144671704610177,5.937129422777564,-2.222662252316546,0.4318181818181819,-0.3142857142857143,0.6296054065838239,False
background_only,IL28A/B,0.0,0.0,0.0,0.7550505050505051,-0.14285714285714285,0.900138641315112,False
background_only,PRKCD,5.323703273517773,9.082986326010223,-3.7592830524924503,0.01767676767676768,-0.8285714285714286,0.15747215747215748,False
background_only,IL17F,0.0,0.0,0.0,0.5303030303030304,-0.2857142857142857,0.7213070300318624,False
background_only,TNFRSF14,7.276582725039658,9.836477843434155,-2.559895118394497,0.030303030303030304,-0.7714285714285715,0.15747215747215748,False
background_only,GATA3,0.17250883420263924,5.180739430590121,-5.008230596387482,0.030303030303030304,-0.7714285714285715,0.15747215747215748,False
background_only,TBK1,5.801627568512817,8.341055617113927,-2.53942804860111,0.030303030303030304,-0.7714285714285715,0.15747215747215748,False
background_only,CX3CR1,0.8303578488491387,4.390963676801304,-3.5606058279521653,0.4318181818181819,-0.3142857142857143,0.6296054065838239,False
background_only,GZMB,2.788912504886657,3.42725206741281,-0.638339562526153,0.8762626262626263,0.08571428571428572,0.9866068088290311,False
background_only,TRAF4,5.994989810313448,8.691625593580508,-2.6966357832670598,0.01767676767676768,-0.8285714285714286,0.15747215747215748,False
background_only,CEBPB,6.701122737672675,8.843201469794815,-2.1420787321221404,0.010101010101010102,-0.8857142857142857,0.15747215747215748,False
background_only,APP,10.59623565389549,13.36720534895741,-2.77096969506192,0.01767676767676768,-0.8285714285714286,0.15747215747215748,False
background_only,PPBP,0.8303578488491387,3.366622575255334,-2.5362647264061953,0.04797979797979798,-0.7142857142857143,0.17787632421778765,False
background_only,ARHGDIB,8.09301737696717,9.426832640404486,-1.333815263437316,0.148989898989899,-0.5428571428571428,0.30811516525802246,False
background_only,PLAUR,1.0350950795625034,3.3604864338498226,-2.3253913542873192,0.07323232323232323,-0.6571428571428571,0.21933621933621933,False
background_only,ATG7,6.0671492613310685,8.464630980681045,-2.397481719349977,0.10606060606060606,-0.6,0.2558922558922559,False
background_only,IL3,0.0,0.0,0.0,0.5303030303030304,-0.2857142857142857,0.7213070300318624,False
background_only,TNFRSF13B,0.0,0.0,0.0,1.0,0.0,1.0,False
background_only,CLEC7A,1.9675693885886054,4.670511907413517,-2.7029425188249117,0.04797979797979798,-0.7142857142857143,0.17787632421778765,False
background_only,CSF1,4.152031380969789,6.228439769648899,-2.07640838867911,0.10606060606060606,-0.6,0.2558922558922559,False
background_only,ICAM4,0.0,1.5754594940107265,-1.5754594940107265,0.8762626262626263,-0.11428571428571428,0.9866068088290311,False
background_only,TAP1,3.8853914640960996,6.22414370391831,-2.3387522398222105,0.148989898989899,-0.5428571428571428,0.30811516525802246,False
background_only,MME,6.87193007771365,11.139113007867248,-4.267182930153599,0.07323232323232323,-0.6571428571428571,0.21933621933621933,False
background_only,IL1A,0.0,0.0,0.0,0.26767676767676774,-0.42857142857142855,0.43399326599326604,False
background_only,TNFSF10,9.299320793104581,10.923528698096392,-1.6242079049918114,0.20202020202020204,-0.4857142857142857,0.3633972864742096,False
background_only,HAVCR2,5.359283912186532,7.209727513610273,-1.8504436014237413,0.148989898989899,-0.5428571428571428,0.30811516525802246,False
background_only,TNFAIP3,4.896181077156652,6.8387778716179,-1.9425967944612479,0.148989898989899,-0.5428571428571428,0.30811516525802246,False
background_only,CD82,4.305833856537823,6.741201398108239,-2.4353675415704163,0.030303030303030304,-0.7714285714285715,0.15747215747215748,False
background_only,CUL9,5.578278373802542,8.406293752901286,-2.828015379098744,0.030303030303030304,-0.7714285714285715,0.15747215747215748,False
background_only,ETS1,7.521821254152202,9.529959255999232,-2.0081380018470307,0.10606060606060606,-0.6,0.2558922558922559,False
background_only,CD5,4.813884633425871,3.734942299705277,1.078942333720594,0.8762626262626263,0.08571428571428572,0.9866068088290311,False
background_only,ABCB1,8.434833562297868,10.968141791109236,-2.533308228811368,0.07323232323232323,-0.6571428571428571,0.21933621933621933,False
background_only,LILRA3,0.0,0.0,0.0,0.5303030303030304,-0.2857142857142857,0.7213070300318624,False
background_only,FCER1A,5.8524515154989825,5.140405241765348,0.7120462737336348,0.7550505050505051,0.14285714285714285,0.900138641315112,False
background_only,CCR1,3.1777980189173674,5.673220764939306,-2.495422746021939,0.148989898989899,-0.5428571428571428,0.30811516525802246,False
background_only,CFI,9.672649891035432,11.565707059519177,-1.893057168483745,0.10606060606060606,-0.6,0.2558922558922559,False
background_only,SYK,4.943833504039006,7.134079230508206,-2.1902457264692003,0.10606060606060606,-0.6,0.2558922558922559,False
background_only,TLR3,5.4610455076217015,7.396315373883404,-1.9352698662617023,0.01767676767676768,-0.8285714285714286,0.15747215747215748,False
background_only,HLA-DOB,4.3769936617093075,4.701999557531805,-0.32500589582249795,0.638888888888889,-0.2,0.8300094966761634,False
background_only,NCAM1,3.4759949278436455,6.066694701527789,-2.5906997736841433,0.010101010101010102,-0.8857142857142857,0.15747215747215748,False
background_only,HAMP,0.0,0.0,0.0,1.0,0.0,1.0,False
background_only,LILRB5,3.1339130373482615,4.2500616056427925,-1.116148568294531,0.26767676767676774,-0.42857142857142855,0.43399326599326604,False
background_only,CD27,4.152031380969789,2.5802188218689306,1.5718125591008585,0.638888888888889,0.2,0.8300094966761634,False
background_only,TNF,2.358119583965938,3.8833626830169523,-1.5252430990510142,0.20202020202020204,-0.5142857142857142,0.3633972864742096,False
background_only,BCL2L11,4.3769936617093075,7.580945936795419,-3.2039522750861114,0.01767676767676768,-0.8285714285714286,0.15747215747215748,False
background_only,FYN,6.688278521380244,8.166267895233693,-1.4779893738534486,0.10606060606060606,-0.6,0.2558922558922559,False
background_only,B3GAT1,0.0,0.0,0.0,0.5303030303030304,-0.2857142857142857,0.7213070300318624,False
background_only,PLA2G2E,0.0,0.0,0.0,0.7550505050505051,-0.14285714285714285,0.900138641315112,False
background_only,HLA-DRB3,10.00720533782476,10.732397144157586,-0.7251918063328269,0.3434343434343435,-0.37142857142857144,0.5272931333537395,False
background_only,CD3E,3.9190555825627356,3.2195011312851776,0.699554451277558,1.0,0.02857142857142857,1.0,False
background_only,PRF1,3.55803815105819,4.686912788437192,-1.1288746373790022,0.20202020202020204,-0.4857142857142857,0.3633972864742096,False
background_only,BCL6,5.4847222579310975,8.67862605038403,-3.193903792452933,0.010101010101010102,-0.8857142857142857,0.15747215747215748,False
background_only,CD79A,5.239479246540828,1.864210522086853,3.375268724453975,0.4318181818181819,0.3142857142857143,0.6296054065838239,False
background_only,PYCARD,3.0088541305862813,3.909593246309372,-0.9007391157230908,0.26767676767676774,-0.42857142857142855,0.43399326599326604,False
background_only,CYBB,6.299723199490175,7.670708357351363,-1.3709851578611882,0.4318181818181819,-0.3142857142857143,0.6296054065838239,False
background_only,CD53,6.9861620415791545,7.413341916869268,-0.42717987529011303,0.4318181818181819,-0.3142857142857143,0.6296054065838239,False
background_only,CR1,4.152031380969789,6.348129745002215,-2.1960983640324256,0.07323232323232323,-0.6571428571428571,0.21933621933621933,False
background_only,MBP,6.524334041257766,8.84472885774358,-2.3203948164858135,0.030303030303030304,-0.7714285714285715,0.15747215747215748,False
background_only,EOMES,0.0,0.0,0.0,1.0,0.0,1.0,False
background_only,MR1,3.4759949278436455,3.8546142947852613,-0.3786193669416158,0.148989898989899,-0.5428571428571428,0.30811516525802246,False
background_only,NOTCH1,6.9162153873769,8.871334350922785,-1.9551189635458854,0.07323232323232323,-0.6571428571428571,0.21933621933621933,False
background_only,CAMP,0.0,0.0,0.0,0.638888888888889,0.2,0.8300094966761634,False
background_only,JAK1,7.707699048248264,10.112792473780306,-2.4050934255320424,0.030303030303030304,-0.7714285714285715,0.15747215747215748,False
background_only,FCGR2B,4.902608403978916,6.007075433947943,-1.104467029969027,0.26767676767676774,-0.42857142857142855,0.43399326599326604,False
background_only,BST1,4.757516618025247,7.038548141336704,-2.281031523311457,0.10606060606060606,-0.6,0.2558922558922559,False
background_only,SPP1,13.8154960786787,14.427642057339831,-0.6121459786611307,0.26767676767676774,-0.42857142857142855,0.43399326599326604,False
background_only,CD45RB,3.784307808872598,4.344448406704706,-0.5601405978321083,0.5303030303030304,-0.2571428571428571,0.7213070300318624,False
background_only,MARCO,3.0088541305862813,2.4958707608450776,0.5129833697412036,1.0,0.05714285714285714,1.0,False
background_only,IL22RA2,0.0,0.0,0.0,1.0,0.0,1.0,False
background_only,SELL,5.885745580389023,4.921943128766305,0.9638024516227182,0.638888888888889,0.2,0.8300094966761634,False
background_only,CD3D,4.509577176178736,4.172177561808436,0.33739961437029997,0.8762626262626263,0.08571428571428572,0.9866068088290311,False
background_only,IL2RA,2.9838758190974697,4.282899524286851,-1.2990237051893812,0.26767676767676774,-0.42857142857142855,0.43399326599326604,False
background_only,TRAF1,5.078017400241327,6.326804622264647,-1.2487872220233198,0.20202020202020204,-0.4857142857142857,0.3633972864742096,False
background_only,STAT3,9.440971395426129,11.201064603249229,-1.7600932078231004,0.148989898989899,-0.5428571428571428,0.30811516525802246,False
background_only,FOXP3,0.0,1.5984254072911064,-1.5984254072911064,0.5303030303030304,-0.2571428571428571,0.7213070300318624,False
background_only,TLR7,1.6084538208076615,1.7096742570856176,-0.10122043627795607,1.0,0.02857142857142857,1.0,False
background_only,ITGAM,4.742983114948942,6.007075433947943,-1.2640923189990012,0.26767676767676774,-0.42857142857142855,0.43399326599326604,False
background_only,CR2,0.0,2.52540725268088,-2.52540725268088,0.148989898989899,-0.5428571428571428,0.30811516525802246,False
background_only,LY96,2.8332982955351387,4.552512454383727,-1.7192141588485885,0.10606060606060606,-0.6,0.2558922558922559,False
background_only,CCL23,0.0,1.72885533510019,-1.72885533510019,0.148989898989899,-0.5714285714285714,0.30811516525802246,False
background_only,IL11RA,3.447722843990553,6.448151784376171,-3.000428940385618,0.04797979797979798,-0.7142857142857143,0.17787632421778765,False
background_only,TCF4,6.165472359501365,7.95602555342453,-1.7905531939231647,0.20202020202020204,-0.4857142857142857,0.3633972864742096,False
background_only,IRGM,0.0,0.0,0.0,1.0,0.0,1.0,False
background_only,IL23R,0.0,0.0,0.0,0.5303030303030304,-0.2571428571428571,0.7213070300318624,False
background_only,IL1B,2.596755973712358,3.2864907562219967,-0.6897347825096389,1.0,-0.02857142857142857,1.0,False
background_only,RARRES3,8.000715628327876,9.250365046509787,-1.2496494181819102,0.20202020202020204,-0.4857142857142857,0.3633972864742096,False
background_only,C3,7.066619323259959,7.891578382339442,-0.8249590590794833,0.4318181818181819,-0.3142857142857143,0.6296054065838239,False
background_only,CCR2,4.688075502382366,4.089847795703633,0.5982277066787329,0.5303030303030304,0.2571428571428571,0.7213070300318624,True
background_only,KLRF2,0.0,0.0,0.0,1.0,0.0,1.0,False
background_only,IL13RA1,7.2950732311041815,9.925214486969647,-2.6301412558654658,0.030303030303030304,-0.7714285714285715,0.15747215747215748,False
background_only,IFNA1/13,0.0,0.0,0.0,0.4318181818181819,-0.3142857142857143,0.6296054065838239,False
background_only,CCL20,4.395696835422741,3.977953876799843,0.417742958622898,0.7550505050505051,0.14285714285714285,0.900138641315112,False
background_only,FCAR,0.0,0.0,0.0,1.0,0.0,1.0,False
background_only,CHUK,5.8524515154989825,8.902273208611296,-3.049821693112314,0.01767676767676768,-0.8285714285714286,0.15747215747215748,False
background_only,PRDM1,3.340137324042325,4.601153896255459,-1.2610165722131343,0.07323232323232323,-0.6571428571428571,0.21933621933621933,False
background_only,IFIH1,4.305833856537823,6.957344343221577,-2.6515104866837547,0.148989898989899,-0.5428571428571428,0.30811516525802246,False
background_only,CASP10,0.0,1.210792331277073,-1.210792331277073,0.10606060606060606,-0.6,0.2558922558922559,False
background_only,LILRB1,4.34259570528504,4.172177561808436,0.17041814347660456,0.8762626262626263,0.08571428571428572,0.9866068088290311,False
background_only,ZEB1,4.305833856537823,7.182601626014991,-2.8767677694771683,0.01767676767676768,-0.8285714285714286,0.15747215747215748,False
background_only,IL8,3.784307808872598,4.435674362006373,-0.6513665531337751,0.20202020202020204,-0.4857142857142857,0.3633972864742096,False
background_only,ICAM5,0.0,0.0,0.0,0.7550505050505051,-0.14285714285714285,0.900138641315112,False
background_only,IRAK4,5.2007760791621305,7.463248084840136,-2.2624720056780054,0.04797979797979798,-0.7142857142857143,0.17787632421778765,False
background_only,CARD9,0.0,2.010108939675807,-2.010108939675807,0.26767676767676774,-0.42857142857142855,0.43399326599326604,False
background_only,TAP2,4.444807934571407,6.854960105996243,-2.410152171424836,0.148989898989899,-0.5428571428571428,0.30811516525802246,False
background_only,CTSS,7.592825129419501,8.83690520517767,-1.244080075758169,0.3434343434343435,-0.37142857142857144,0.5272931333537395,False
background_only,BST2,6.190797530014009,7.502003291253819,-1.31120576123981,0.20202020202020204,-0.4857142857142857,0.3633972864742096,False
background_only,SELE,0.0,2.450538768876412,-2.450538768876412,0.5303030303030304,-0.2571428571428571,0.7213070300318624,False
background_only,STAT5B,6.4721323561157575,9.340887573026414,-2.8687552169106567,0.030303030303030304,-0.7714285714285715,0.15747215747215748,False
background_only,CD22,5.435914438299823,4.6297855358781055,0.8061289024217171,0.8762626262626263,0.08571428571428572,0.9866068088290311,False
background_only,CD81,9.888818195104358,12.816276937885972,-2.9274587427816137,0.07323232323232323,-0.6571428571428571,0.21933621933621933,False
background_only,SRC,7.313329746777982,9.053303799640602,-1.7399740528626202,0.030303030303030304,-0.7714285714285715,0.15747215747215748,False
background_only,PLAU,6.061303710111664,8.189727242817941,-2.128423532706277,0.10606060606060606,-0.6,0.2558922558922559,False
background_only,FN1,7.76759578602275,10.014398353383989,-2.2468025673612386,0.07323232323232323,-0.6571428571428571,0.21933621933621933,False
background_only,CSF3R,3.70589484157689,5.064632926204192,-1.3587380846273018,0.10606060606060606,-0.6,0.2558922558922559,False
background_only,CCL2,7.1803990126737265,7.917415997088408,-0.7370169844146819,1.0,-0.02857142857142857,1.0,False
background_only,CTLA4_all,1.0888313291377543,0.9857219128339901,0.10310941630376413,0.7550505050505051,0.14285714285714285,0.900138641315112,False
background_only,SLAMF1,3.340137324042325,1.72885533510019,1.6112819889421348,0.7550505050505051,0.17142857142857143,0.900138641315112,False
background_only,FADD,3.190143363809114,6.028367355888303,-2.838223992079189,0.10606060606060606,-0.6,0.2558922558922559,False
background_only,CASP3,3.4300345002823414,6.83631386280335,-3.406279362521009,0.01767676767676768,-0.8285714285714286,0.15747215747215748,False
background_only,CASP1,2.760886531726267,5.295387640810182,-2.5345011090839145,0.20202020202020204,-0.4857142857142857,0.3633972864742096,False
background_only,ICAM2,4.509577176178736,6.6339346014127925,-2.1243574252340567,0.04797979797979798,-0.7142857142857143,0.17787632421778765,False
background_only,CD8A,0.0,3.2864907562219967,-3.2864907562219967,0.4318181818181819,-0.3142857142857143,0.6296054065838239,False
background_only,LILRB4,4.703169858223886,5.636838016704295,-0.9336681584804092,0.26767676767676774,-0.42857142857142855,0.43399326599326604,False
background_only,CD97,6.317921336055449,8.526528031375895,-2.2086066953204453,0.148989898989899,-0.5428571428571428,0.30811516525802246,False
background_only,POS_C(8),10.13833484302625,9.918067451971691,0.22026739105455917,0.4318181818181819,0.3142857142857143,0.6296054065838239,False
background_only,POS_A(128),13.528826366049698,13.372085684099197,0.15674068195050062,0.26767676767676774,0.42857142857142855,0.43399326599326604,False
background_only,POS_F(0.125),3.0227258506188237,3.2427857048094766,-0.22005985419065288,1.0,-0.02857142857142857,1.0,False
background_only,POS_D(2),7.936927913323708,7.857858510049999,0.07906940327370915,0.7550505050505051,0.14285714285714285,0.900138641315112,False
background_only,POS_B(32),11.947289644459799,11.647668070599073,0.2996215738607262,0.26767676767676774,0.42857142857142855,0.43399326599326604,False
background_only,POS_E(0.5),5.056955252249107,5.100752618012775,-0.043797365763667884,1.0,0.02857142857142857,1.0,False
background_only,NEG_C(0),0.0,0.0,0.0,1.0,0.0,1.0,False
background_only,NEG_D(0),0.0,0.0,0.0,1.0,0.0,1.0,False
background_only,NEG_E(0),0.0,0.0,0.0,1.0,0.0,1.0,False
background_only,NEG_A(0),0.0,0.0,0.0,1.0,0.0,1.0,False
background_only,NEG_H(0),0.0,0.0,0.0,1.0,0.0,1.0,False
background_only,NEG_G(0),0.0,0.0,0.0,1.0,0.0,1.0,False
background_only,NEG_F(0),0.0,0.0,0.0,0.3434343434343435,0.4,0.5272931333537395,False
background_only,NEG_B(0),0.0,0.0,0.0,1.0,0.0,1.0,False
background_only,EEF1G,10.14437544479526,13.431924665173739,-3.2875492203784784,0.01767676767676768,-0.8285714285714286,0.15747215747215748,False
background_only,TUBB,7.583294370010233,10.129883416353472,-2.5465890463432395,0.10606060606060606,-0.6,0.2558922558922559,False
background_only,TBP,5.4521383054006405,8.296761158042571,-2.8446228526419306,0.01767676767676768,-0.8285714285714286,0.15747215747215748,False
background_only,POLR2A,7.635015200539367,10.913839996652262,-3.278824796112895,0.04797979797979798,-0.7142857142857143,0.17787632421778765,False
background_only,GUSB,6.211927544149369,8.782247581783189,-2.5703200376338193,0.07323232323232323,-0.6571428571428571,0.21933621933621933,False
background_only,HPRT1,6.44375994120884,9.526433122043343,-3.0826731808345036,0.01767676767676768,-0.8285714285714286,0.15747215747215748,False
background_only,GAPDH,11.22523711535539,14.029224312153179,-2.80398719679779,0.01767676767676768,-0.8285714285714286,0.15747215747215748,False
background_only,SDHA,7.209933359074881,10.632372421027553,-3.4224390619526712,0.01767676767676768,-0.8285714285714286,0.15747215747215748,False
background_only,OAZ1,9.407372400875499,11.99090909125839,-2.583536690382891,0.01767676767676768,-0.8285714285714286,0.15747215747215748,False
background_only,PPIA,6.109553811918505,8.476830716578355,-2.3672769046598505,0.04797979797979798,-0.7142857142857143,0.17787632421778765,False
background_only,G6PD,6.192332600813445,8.215634286381734,-2.0233016855682893,0.10606060606060606,-0.6,0.2558922558922559,False
background_only,RPL19,12.244675785293428,14.260939438897921,-2.0162636536044936,0.10606060606060606,-0.6,0.2558922558922559,False
background_only,POLR1B,4.646695428071075,7.2693218588761646,-2.6226264308050897,0.07323232323232323,-0.6571428571428571,0.21933621933621933,False
background_only,ABCF1,6.165472359501365,9.114955711974131,-2.9494833524727664,0.030303030303030304,-0.7714285714285715,0.15747215747215748,False
background_only,ALAS1,6.375895211803741,8.90469744452455,-2.5288022327208086,0.01767676767676768,-0.8285714285714286,0.15747215747215748,False
background_positive,VTN,0.24906068641882229,3.9089997367246716,-3.6599390503058493,0.04797979797979798,-0.7142857142857143,0.19066481811579852,False
background_positive,HLA-DQB1,6.450331629152303,6.774732572544193,-0.32440094339188974,0.5303030303030304,-0.2571428571428571,0.7009222661396576,False
background_positive,KIT,4.490221022785086,6.7708611708055395,-2.2806401480204537,0.04797979797979798,-0.7142857142857143,0.19066481811579852,False
background_positive,LAG3,0.24906068641882229,1.5439841939909265,-1.2949235075721042,0.3434343434343435,-0.37142857142857144,0.522020202020202,False
background_positive,SOCS3,6.361109619624692,6.7708611708055395,-0.4097515511808476,0.4318181818181819,-0.3142857142857143,0.6035527690700104,False
background_positive,TCF7,5.6893515444424825,5.062176927190486,0.6271746172519963,0.5303030303030304,0.2571428571428571,0.7009222661396576,False
background_positive,IKBKB,6.435839232760009,8.485751925100978,-2.0499126923409685,0.10606060606060606,-0.6,0.2509138073340408,False
background_positive,KLRC2,0.24906068641882229,3.5242598636693185,-3.2751991772504963,0.20202020202020204,-0.4857142857142857,0.35809994993668465,False
background_positive,ITGA6,6.904830288490319,9.904066705728562,-2.999236417238243,0.04797979797979798,-0.7142857142857143,0.19066481811579852,False
background_positive,CXCR4,7.071123593554596,7.797934240464835,-0.7268106469102396,0.10606060606060606,-0.6,0.2509138073340408,False
background_positive,NFKBIZ,7.257382165354108,8.059447435407957,-0.8020652700538493,0.26767676767676774,-0.42857142857142855,0.4238215488215489,False
background_positive,ATG5,5.051827059100065,8.30470985852758,-3.252882799427516,0.030303030303030304,-0.7714285714285715,0.17381360777587193,False
background_positive,MAPK14,6.8506973887674345,9.72826875761936,-2.8775713688519247,0.07323232323232323,-0.6571428571428571,0.21933621933621933,False
background_positive,IL32,11.679929335787515,12.369887968953243,-0.6899586331657286,0.638888888888889,-0.2,0.7927437641723356,False
background_positive,CFB,7.82284769499961,8.825523674667819,-1.0026759796682088,0.4318181818181819,-0.3142857142857143,0.6035527690700104,True
background_positive,CXCL1,4.908754043727319,5.140571029070746,-0.23181698534342754,1.0,-0.02857142857142857,1.0,False
background_positive,CEACAM1,5.67233920655408,7.258696925430221,-1.5863577188761413,0.10606060606060606,-0.6,0.2509138073340408,False
background_positive,C8A,-0.035079460311687544,0.06957952501049491,-0.10465898532218246,0.638888888888889,-0.2,0.7927437641723356,False
background_positive,CFP,1.8825914924237301,3.6726484951517424,-1.7900570027280123,0.26767676767676774,-0.42857142857142855,0.4238215488215489,False
background_positive,LILRA5,1.79061832035717,2.479553457759974,-0.6889351374028041,0.8762626262626263,-0.08571428571428572,0.92655248133509,False
background_positive,IL10RA,6.387458438259072,7.252615843897442,-0.86515740563837,0.20202020202020204,-0.4857142857142857,0.35809994993668465,False
background_positive,IL17A,-0.035079460311687544,0.06957952501049491,-0.10465898532218246,0.7550505050505051,-0.14285714285714285,0.8361943662490111,False
background_positive,TP53,6.516100089559724,8.758449733173382,-2.2423496436136583,0.10606060606060606,-0.6,0.2509138073340408,False
background_positive,MAPK1,7.777278380097818,10.56002288233676,-2.782744502238942,0.01767676767676768,-0.8285714285714286,0.17381360777587193,False
background_positive,CCRL2,3.6191310917820974,4.943129315373732,-1.323998223591635,0.030303030303030304,-0.7714285714285715,0.17381360777587193,False
background_positive,BTK,3.094807285130193,3.394149534762787,-0.2993422496325939,0.638888888888889,-0.2,0.7927437641723356,False
background_positive,KLRK1,4.595915734204393,4.815699008683633,-0.21978327447923984,0.3434343434343435,-0.37142857142857144,0.522020202020202,False
background_positive,TICAM1,6.464679890837538,8.485751925100978,-2.0210720342634394,0.10606060606060606,-0.6,0.2509138073340408,False
background_positive,CMKLR1,5.455042980242976,7.187041014231448,-1.7319980339884715,0.10606060606060606,-0.6,0.2509138073340408,False
background_positive,ARG1,-0.035079460311687544,0.06957952501049491,-0.10465898532218246,0.638888888888889,-0.2,0.7927437641723356,False
background_positive,IDO1,2.54510287557329,2.7853949258482573,-0.24029205027496747,0.638888888888889,-0.2,0.7927437641723356,False
background_positive,IL17B,-0.035079460311687544,0.06957952501049491,-0.10465898532218246,0.638888888888889,-0.2,0.7927437641723356,False
background_positive,TNFRSF13C,4.486397924290517,3.5696992243732018,0.9166986999173155,0.5303030303030304,0.2571428571428571,0.7009222661396576,False
background_positive,CD6,3.2544785883339205,2.728281664178211,0.5261969241557094,1.0,-0.02857142857142857,1.0,False
background_positive,CTSG,1.8825914924237301,0.9657063254720792,0.9168851669516509,0.7550505050505051,-0.14285714285714285,0.8361943662490111,False
background_positive,BAX,6.546544847961657,9.279607938982947,-2.7330630910212896,0.07323232323232323,-0.6571428571428571,0.21933621933621933,False
background_positive,KIR_Inhibiting_Subgroup_1,-0.035079460311687544,0.06957952501049491,-0.10465898532218246,0.7550505050505051,-0.14285714285714285,0.8361943662490111,False
background_positive,NOTCH2,7.006887649016577,9.868824036338856,-2.8619363873222783,0.10606060606060606,-0.6,0.2509138073340408,False
background_positive,TNFRSF4,-0.035079460311687544,0.07365095063247078,-0.10873041094415832,0.638888888888889,-0.2,0.7927437641723356,False
background_positive,TGFBR1,6.246774452251057,9.281884306372712,-3.0351098541216546,0.10606060606060606,-0.6,0.2509138073340408,False
background_positive,C7,10.765658073151736,12.65425488539931,-1.8885968122475738,0.07323232323232323,-0.6571428571428571,0.21933621933621933,False
background_positive,CD40,4.564560718027937,6.8479926425113575,-2.2834319244834207,0.20202020202020204,-0.4857142857142857,0.35809994993668465,False
background_positive,CCL15,4.8079837379926715,7.175257313438776,-2.367273575446104,0.030303030303030304,-0.7714285714285715,0.17381360777587193,False
background_positive,ICAM3,6.246213115847169,8.118967470542081,-1.8727543546949121,0.148989898989899,-0.5428571428571428,0.297979797979798,False
background_positive,SKI,7.225322192752171,9.933909546030222,-2.708587353278051,0.10606060606060606,-0.6,0.2509138073340408,False
background_positive,ATG10,3.725048845417966,6.937418491739479,-3.2123696463215135,0.030303030303030304,-0.7714285714285715,0.17381360777587193,False
background_positive,C4BPA,-0.035079460311687544,0.06957952501049491,-0.10465898532218246,0.7550505050505051,-0.14285714285714285,0.8361943662490111,False
background_positive,C8G,-0.035079460311687544,2.974025488006339,-3.0091049483180266,0.07323232323232323,-0.6571428571428571,0.21933621933621933,False
background_positive,ABL1,6.170041785914669,8.984913418742035,-2.8148716328273666,0.030303030303030304,-0.7714285714285715,0.17381360777587193,False
background_positive,IL1RL1,4.999189412343181,8.225764393517375,-3.2265749811741937,0.01767676767676768,-0.8285714285714286,0.17381360777587193,False
background_positive,PDCD1,2.4025210795019163,1.798434860110685,0.6040862193912313,1.0,-0.02857142857142857,1.0,False
background_positive,CTNNB1,8.698878565100781,11.79409453933452,-3.0952159742337386,0.030303030303030304,-0.7714285714285715,0.17381360777587193,False
background_positive,MAP4K2,5.659191395417651,7.963151411926511,-2.30396001650886,0.04797979797979798,-0.7142857142857143,0.19066481811579852,False
background_positive,RELA,4.652996042070679,7.677026578518802,-3.024030536448123,0.07323232323232323,-0.6571428571428571,0.21933621933621933,False
background_positive,CCL22,1.79061832035717,1.5439841939909265,0.2466341263662435,1.0,-0.02857142857142857,1.0,False
background_positive,IKBKE,5.278823958047963,6.744029341526689,-1.4652053834787262,0.26767676767676774,-0.42857142857142855,0.4238215488215489,False
background_positive,AICDA,-0.035079460311687544,0.06957952501049491,-0.10465898532218246,0.638888888888889,-0.2,0.7927437641723356,False
background_positive,THY1,8.619704179142582,11.05483731788188,-2.435133138739298,0.04797979797979798,-0.7142857142857143,0.19066481811579852,False
background_positive,LIF,5.936062777971285,6.811562516906261,-0.8754997389349759,0.7550505050505051,-0.14285714285714285,0.8361943662490111,False
background_positive,MRC1,6.089623494202954,8.369984019132982,-2.2803605249300283,0.04797979797979798,-0.7142857142857143,0.19066481811579852,False
background_positive,CD40LG,3.9447745309783846,2.1788221323784995,1.765952398599885,0.638888888888889,0.2,0.7927437641723356,False
background_positive,MALT1,5.982355374801818,8.29023289955421,-2.307877524752392,0.030303030303030304,-0.7714285714285715,0.17381360777587193,False
background_positive,IL1RN,0.24906068641882229,2.3709700404262026,-2.1219093540073803,0.3434343434343435,-0.37142857142857144,0.522020202020202,False
background_positive,CXCL9,4.201461941212299,4.753657684522296,-0.5521957433099969,0.638888888888889,-0.2,0.7927437641723356,False
background_positive,HFE,1.79061832035717,5.5660099449599745,-3.7753916246028045,0.04797979797979798,-0.7142857142857143,0.19066481811579852,False
background_positive,CCL7,-0.035079460311687544,0.06957952501049491,-0.10465898532218246,0.7550505050505051,-0.14285714285714285,0.8361943662490111,False
background_positive,ZAP70,5.715287393285517,4.9915226537768,0.7237647395087174,0.8762626262626263,0.08571428571428572,0.92655248133509,False
background_positive,IL2RG,6.13592382918536,6.128169654794051,0.007754174391309654,0.8762626262626263,-0.08571428571428572,0.92655248133509,False
background_positive,MAPKAPK2,5.580677861041225,7.729624577953828,-2.1489467169126035,0.030303030303030304,-0.7714285714285715,0.17381360777587193,False
background_positive,PTGS2,1.82341935854611,5.339170435377872,-3.5157510768317617,0.030303030303030304,-0.7714285714285715,0.17381360777587193,False
background_positive,IKZF1,2.221365546046499,2.537268444752071,-0.31590289870557164,0.638888888888889,-0.2,0.7927437641723356,False
background_positive,LEF1,5.194757128418479,6.015372388618688,-0.820615260200209,0.20202020202020204,-0.4857142857142857,0.35809994993668465,False
background_positive,MUC1,7.885040563507954,11.050593211571234,-3.1655526480632803,0.04797979797979798,-0.7142857142857143,0.19066481811579852,False
background_positive,C9,0.8408601853520619,3.3719403865457744,-2.5310802011937126,0.26767676767676774,-0.42857142857142855,0.4238215488215489,False
background_positive,PSMC2,6.872384429049517,9.59913245142782,-2.7267480223783034,0.030303030303030304,-0.7714285714285715,0.17381360777587193,False
background_positive,IL4R,6.164183324079054,8.73226104410421,-2.5680777200251557,0.030303030303030304,-0.7714285714285715,0.17381360777587193,False
background_positive,TAL1,2.2627835052870178,5.6424796622365365,-3.3796961569495187,0.01767676767676768,-0.8285714285714286,0.17381360777587193,False
background_positive,IL28A,0.143802219005477,0.06957952501049491,0.07422269399498208,0.8762626262626263,-0.08571428571428572,0.92655248133509,False
background_positive,LTF,8.945719082471172,8.016144889042522,0.9295741934286497,0.638888888888889,0.2,0.7927437641723356,False
background_positive,CD36,4.768949956643325,8.799053977517508,-4.030104020874183,0.01767676767676768,-0.8285714285714286,0.17381360777587193,False
background_positive,CCL26,0.8408601853520619,4.280466217138061,-3.439606031785999,0.26767676767676774,-0.42857142857142855,0.4238215488215489,False
background_positive,MYD88,6.282841875743762,8.76178304828295,-2.478941172539188,0.030303030303030304,-0.7714285714285715,0.17381360777587193,False
background_positive,STAT4,4.033430251089713,4.0354065824034535,-0.0019763313137408645,0.4318181818181819,-0.3142857142857143,0.6035527690700104,False
background_positive,RAG2,-0.035079460311687544,0.06957952501049491,-0.10465898532218246,0.7550505050505051,-0.14285714285714285,0.8361943662490111,False
background_positive,NT5E,6.661247151491818,9.422636628169974,-2.761389476678156,0.04797979797979798,-0.7142857142857143,0.19066481811579852,False
background_positive,HLA-DPB1,9.486085408899173,10.35800503546009,-0.871919626560917,0.26767676767676774,-0.42857142857142855,0.4238215488215489,False
background_positive,SELPLG,-0.035079460311687544,3.4086745841818176,-3.443754044493505,0.10606060606060606,-0.6,0.2509138073340408,False
background_positive,AIRE,0.24906068641882229,1.0588056252964766,-0.8097449388776543,0.5303030303030304,-0.2571428571428571,0.7009222661396576,False
background_positive,CCR10,-0.035079460311687544,0.4642552442927023,-0.4993347046043899,0.4318181818181819,-0.3142857142857143,0.6035527690700104,False
background_positive,CCR5,4.270754396226136,4.110171099340349,0.16058329688578699,1.0,0.02857142857142857,1.0,False
background_positive,KLRC1,0.24906068641882229,1.7806355979900534,-1.5315749115712312,0.26767676767676774,-0.42857142857142855,0.4238215488215489,False
background_positive,PLA2G2A,-0.035079460311687544,4.753657684522296,-4.788737144833984,0.07323232323232323,-0.6571428571428571,0.21933621933621933,False
background_positive,KIR3DL3,-0.035079460311687544,0.06957952501049491,-0.10465898532218246,0.7550505050505051,-0.14285714285714285,0.8361943662490111,False
background_positive,CXCR1,-0.035079460311687544,0.06957952501049491,-0.10465898532218246,0.5303030303030304,-0.2571428571428571,0.7009222661396576,False
background_positive,TMEM173,6.396999979598563,8.349145038519838,-1.9521450589212748,0.148989898989899,-0.5428571428571428,0.297979797979798,False
background_positive,TNFSF12,6.33609822881539,9.084771187985536,-2.748672959170146,0.07323232323232323,-0.6571428571428571,0.21933621933621933,False
background_positive,PSMB5,6.227543988616973,9.523761488838037,-3.296217500221064,0.01767676767676768,-0.8285714285714286,0.17381360777587193,False
background_positive,CD3EAP,3.8101989635356417,5.652996495080391,-1.8427975315447491,0.26767676767676774,-0.42857142857142855,0.4238215488215489,False
background_positive,EDNRB,6.862461004939903,9.227117360416317,-2.3646563554764137,0.030303030303030304,-0.7714285714285715,0.17381360777587193,False
background_positive,CDH5,5.861812793776004,8.340434949252547,-2.4786221554765433,0.04797979797979798,-0.7142857142857143,0.19066481811579852,False
background_positive,ITLN2,-0.035079460311687544,0.06957952501049491,-0.10465898532218246,0.7550505050505051,-0.14285714285714285,0.8361943662490111,False
background_positive,PSMB7,7.302793286991024,10.984345607541849,-3.681552320550825,0.01767676767676768,-0.8285714285714286,0.17381360777587193,False
background_positive,CD1A,0.24906068641882229,0.06957952501049491,0.17948116140832737,0.8762626262626263,-0.08571428571428572,0.92655248133509,False
background_positive,CD45RA,4.707903654637255,1.2539583405837258,3.453945314053529,0.4318181818181819,0.3142857142857143,0.6035527690700104,False
background_positive,CISH,5.740765206183476,7.838298338941773,-2.097533132758297,0.10606060606060606,-0.6,0.2509138073340408,False
background_positive,FAS,2.54510287557329,4.815699008683633,-2.270596133110343,0.10606060606060606,-0.6,0.2509138073340408,False
background_positive,IRF3,4.270754396226136,6.598067193087066,-2.32731279686093,0.04797979797979798,-0.7142857142857143,0.19066481811579852,False
background_positive,IFNG,-0.035079460311687544,0.06957952501049491,-0.10465898532218246,0.7550505050505051,-0.14285714285714285,0.8361943662490111,False
background_positive,NFKB1,4.652996042070679,6.744029341526689,-2.0910332994560097,0.01767676767676768,-0.8285714285714286,0.17381360777587193,False
background_positive,MAP4K4,6.857045909868912,9.129930138639526,-2.2728842287706144,0.10606060606060606,-0.6,0.2509138073340408,False
background_positive,LITAF,7.71832535427522,10.4367301367562,-2.71840478248098,0.10606060606060606,-0.6,0.2509138073340408,False
background_positive,KLRD1,-0.035079460311687544,1.2539583405837258,-1.2890378008954133,0.10606060606060606,-0.6,0.2509138073340408,False
background_positive,CCR8,-0.035079460311687544,0.06957952501049491,-0.10465898532218246,0.5303030303030304,-0.2571428571428571,0.7009222661396576,False
background_positive,IL19,-0.035079460311687544,0.06957952501049491,-0.10465898532218246,0.7550505050505051,-0.14285714285714285,0.8361943662490111,False
background_positive,CFH,7.840852931775636,9.4387485784191,-1.5978956466434635,0.04797979797979798,-0.7142857142857143,0.19066481811579852,False
background_positive,IL18RAP,0.9934952504588339,3.375892334033225,-2.382397083574391,0.26767676767676774,-0.42857142857142855,0.4238215488215489,False
background_positive,CLEC4A,3.7492283485609104,6.299733654310702,-2.550505305749792,0.10606060606060606,-0.6,0.2509138073340408,False
background_positive,KLRF1,0.795278388537451,3.8079303783850897,-3.0126519898476385,0.030303030303030304,-0.7714285714285715,0.17381360777587193,False
background_positive,EBI3,-0.035079460311687544,1.708683705654522,-1.7437631659662096,0.26767676767676774,-0.42857142857142855,0.4238215488215489,False
background_positive,BCL2,6.587770591571797,8.578620714418706,-1.9908501228469095,0.148989898989899,-0.5428571428571428,0.297979797979798,True
background_positive,HLA-DQA1,7.534020666944296,8.90662284242555,-1.372602175481254,0.8762626262626263,-0.08571428571428572,0.92655248133509,False
background_positive,IL4,-0.035079460311687544,0.06957952501049491,-0.10465898532218246,0.7550505050505051,-0.14285714285714285,0.8361943662490111,False
background_positive,CD70,-0.035079460311687544,0.20517610397932684,-0.24025556429101438,0.20202020202020204,-0.4857142857142857,0.35809994993668465,False
background_positive,CXCL10,3.1347808469872946,3.99714848766255,-0.8623676406752554,1.0,-0.02857142857142857,1.0,False
background_positive,SMAD3,7.391097615562932,9.342026571046466,-1.9509289554835334,0.04797979797979798,-0.7142857142857143,0.19066481811579852,False
background_positive,NFATC2,6.500633346014394,7.563952308588687,-1.063318962574293,0.26767676767676774,-0.42857142857142855,0.4238215488215489,False
background_positive,ITGA2B,0.24906068641882229,2.7867475657125476,-2.5376868792937253,0.148989898989899,-0.5428571428571428,0.297979797979798,False
background_positive,PIGR,9.446099075416042,11.739986076922632,-2.29388700150659,0.26767676767676774,-0.42857142857142855,0.4238215488215489,False
background_positive,CCL16,-0.035079460311687544,4.314265109262611,-4.349344569574299,0.030303030303030304,-0.7714285714285715,0.17381360777587193,False
background_positive,CCL8,2.4955222931525713,3.155365858020824,-0.6598435648682526,0.638888888888889,-0.2,0.7927437641723356,False
background_positive,EGR1,4.411841624162314,6.231481139436552,-1.819639515274238,0.26767676767676774,-0.42857142857142855,0.4238215488215489,False
background_positive,XCR1,2.221365546046499,2.232699447173996,-0.01133390112749666,0.8762626262626263,0.08571428571428572,0.92655248133509,False
background_positive,NCR1,-0.035079460311687544,0.06957952501049491,-0.10465898532218246,0.5303030303030304,-0.2571428571428571,0.7009222661396576,False
background_positive,ICOSLG,6.164183324079054,8.550630769627126,-2.3864474455480726,0.04797979797979798,-0.7142857142857143,0.19066481811579852,False
background_positive,CSF2,-0.035079460311687544,0.06957952501049491,-0.10465898532218246,0.638888888888889,-0.2,0.7927437641723356,False
background_positive,ATG16L1,5.1997732243949235,8.159146644740666,-2.9593734203457425,0.030303030303030304,-0.7714285714285715,0.17381360777587193,False
background_positive,KIR_Inhibiting_Subgroup_2,-0.035079460311687544,0.06957952501049491,-0.10465898532218246,0.7550505050505051,-0.14285714285714285,0.8361943662490111,False
background_positive,IL20,-0.035079460311687544,0.06957952501049491,-0.10465898532218246,0.4318181818181819,-0.3142857142857143,0.6035527690700104,False
background_positive,TRAF5,4.999582024950335,6.998299735189219,-1.9987177102388838,0.04797979797979798,-0.7142857142857143,0.19066481811579852,False
background_positive,CCND3,5.973485541916882,9.049402072808975,-3.0759165308920933,0.07323232323232323,-0.6571428571428571,0.21933621933621933,False
background_positive,CD9,6.920227879140143,10.14036741821076,-3.220139539070617,0.01767676767676768,-0.8285714285714286,0.17381360777587193,False
background_positive,PSMB8,7.664052322075055,9.359375443419419,-1.6953231213443631,0.10606060606060606,-0.6,0.2509138073340408,False
background_positive,TIRAP,3.0379731913054795,5.304593753801261,-2.2666205624957816,0.148989898989899,-0.5428571428571428,0.297979797979798,False
background_positive,GFI1,3.380658849164725,3.185633705288104,0.19502514387662107,0.8762626262626263,-0.08571428571428572,0.92655248133509,False
background_positive,CLEC5A,1.1834536524671477,2.0674588913325067,-0.884005238865359,0.10606060606060606,-0.6,0.2509138073340408,False
background_positive,TLR5,3.3966363938568063,6.038654860451661,-2.642018466594855,0.10606060606060606,-0.6,0.2509138073340408,False
background_positive,IRAK2,3.6967835304093755,5.539291248491355,-1.8425077180819796,0.07323232323232323,-0.6571428571428571,0.21933621933621933,False
background_positive,CD74,12.20733911668286,13.26658328658927,-1.0592441699064103,0.20202020202020204,-0.4857142857142857,0.35809994993668465,False
background_positive,TIGIT,2.7379622168562188,2.537268444752071,0.20069377210414796,1.0,-0.02857142857142857,1.0,False
background_positive,ITGAX,6.353422254218795,7.049622454690596,-0.6962002004718011,0.26767676767676774,-0.42857142857142855,0.4238215488215489,False
background_positive,CD45R0,6.984823972162191,7.315189256737094,-0.3303652845749028,0.4318181818181819,-0.3142857142857143,0.6035527690700104,False
background_positive,CXCL11,0.8408601853520619,0.5673449070787666,0.27351527827329525,0.8762626262626263,0.08571428571428572,0.92655248133509,False
background_positive,ITGAL,5.580677861041225,5.504961340529978,0.07571652051124644,1.0,0.02857142857142857,1.0,True
background_positive,ENTPD1,4.195901755630677,5.473440147161781,-1.2775383915311034,0.20202020202020204,-0.4857142857142857,0.35809994993668465,False
background_positive,B2M,11.715534633774844,14.098283643183498,-2.382749009408654,0.07323232323232323,-0.6571428571428571,0.21933621933621933,False
background_positive,TOLLIP,7.1549290889617705,10.125557227401476,-2.9706281384397055,0.030303030303030304,-0.7714285714285715,0.17381360777587193,False
background_positive,IL1R2,1.5494508240761955,6.142428079921847,-4.592977255845652,0.01767676767676768,-0.8285714285714286,0.17381360777587193,False
background_positive,MX1,7.527645625282389,9.178926102565695,-1.651280477283306,0.148989898989899,-0.5428571428571428,0.297979797979798,False
background_positive,IRF4,5.231165915441903,4.450015020225535,0.7811508952163679,1.0,0.02857142857142857,1.0,False
background_positive,TBX21,1.4390327585955232,3.122181180224219,-1.6831484216286958,0.20202020202020204,-0.4857142857142857,0.35809994993668465,False
background_positive,IFNAR2,6.881135927065213,8.694953948021958,-1.8138180209567452,0.148989898989899,-0.5428571428571428,0.297979797979798,False
background_positive,TLR4,5.982355374801818,8.104131611199675,-2.1217762363978565,0.07323232323232323,-0.6571428571428571,0.21933621933621933,False
background_positive,HLA-DRB1,4.8176498324571915,6.212510502597128,-1.3948606701399369,0.4318181818181819,-0.3142857142857143,0.6035527690700104,False
background_positive,PML,7.606983584204792,9.195170581525312,-1.5881869973205207,0.20202020202020204,-0.4857142857142857,0.35809994993668465,False
background_positive,C1S,8.23066743313409,9.786979381923889,-1.5563119487897978,0.148989898989899,-0.5428571428571428,0.297979797979798,False
background_positive,BATF3,3.098833577036574,5.204287851474393,-2.105454274437819,0.148989898989899,-0.5428571428571428,0.297979797979798,False
background_positive,CD80,0.07717275552371888,2.537268444752071,-2.460095689228352,0.26767676767676774,-0.42857142857142855,0.4238215488215489,False
background_positive,KIR_Activating_Subgroup_1,-0.035079460311687544,0.20517610397932684,-0.24025556429101438,0.26767676767676774,-0.42857142857142855,0.4238215488215489,False
background_positive,PECAM1,7.913764567237256,10.365537186146147,-2.4517726189088913,0.030303030303030304,-0.7714285714285715,0.17381360777587193,False
background_positive,NFKB2,6.689818055798558,8.492967124753264,-1.8031490689547063,0.20202020202020204,-0.4857142857142857,0.35809994993668465,False
background_positive,IRF7,5.3682542288685875,6.7708611708055395,-1.402606941936952,0.26767676767676774,-0.42857142857142855,0.4238215488215489,False
background_positive,IFNGR1,7.567643724351564,10.262816019966348,-2.6951722956147837,0.01767676767676768,-0.8285714285714286,0.17381360777587193,False
background_positive,DUSP4,2.2166300750074277,3.7031200392800785,-1.4864899642726508,0.0025252525252525255,-1.0,0.17381360777587193,False
background_positive,HLA-A,10.122775470172508,11.657796354227571,-1.5350208840550632,0.10606060606060606,-0.6,0.2509138073340408,False
background_positive,STAT5A,4.7670346482619825,7.4613771007000365,-2.694342452438054,0.030303030303030304,-0.7714285714285715,0.17381360777587193,False
background_positive,HLA-DMB,5.817372055187295,7.529595016814445,-1.71222296162715,0.148989898989899,-0.5428571428571428,0.297979797979798,False
background_positive,IL12B,0.143802219005477,0.06957952501049491,0.07422269399498208,0.7550505050505051,0.14285714285714285,0.8361943662490111,False
background_positive,PSMB10,6.491533975976348,7.957466374436366,-1.4659323984600174,0.20202020202020204,-0.4857142857142857,0.35809994993668465,True
background_positive,PTAFR,4.852310676177013,5.548288229572801,-0.6959775533957879,0.4318181818181819,-0.3142857142857143,0.6035527690700104,False
background_positive,STAT6,9.159992372076404,11.12538556109156,-1.9653931890151561,0.07323232323232323,-0.6571428571428571,0.21933621933621933,False
background_positive,CD83,4.508934964013444,7.6472687027443795,-3.1383337387309354,0.148989898989899,-0.5428571428571428,0.297979797979798,False
background_positive,ATG12,-0.035079460311687544,3.5242598636693185,-3.559339323981006,0.26767676767676774,-0.42857142857142855,0.4238215488215489,False
background_positive,EGR2,1.4390327585955232,1.2539583405837258,0.18507441801179736,1.0,-0.02857142857142857,1.0,False
background_positive,ITLN1,-0.035079460311687544,3.008465971291235,-3.0435454316029227,0.10606060606060606,-0.6,0.2509138073340408,False
background_positive,IL1RL2,2.1418338433941235,4.847895232514031,-2.706061389119908,0.10606060606060606,-0.6,0.2509138073340408,False
background_positive,IRF8,6.281909451783429,6.2257060403699525,0.05620341141347662,0.8762626262626263,0.08571428571428572,0.92655248133509,False
background_positive,NCF4,4.372400964458983,5.72944944234999,-1.3570484778910075,0.148989898989899,-0.5428571428571428,0.297979797979798,False
background_positive,NFATC1,4.047223869081049,6.323467602977951,-2.2762437338969024,0.04797979797979798,-0.7142857142857143,0.19066481811579852,False
background_positive,KLRC3,-0.035079460311687544,0.07365095063247078,-0.10873041094415832,0.5303030303030304,-0.2571428571428571,0.7009222661396576,False
background_positive,CD86,2.2166300750074277,3.46745596101045,-1.2508258860030224,0.20202020202020204,-0.4857142857142857,0.35809994993668465,False
background_positive,CD1D,2.812483982233851,3.592966643055942,-0.780482660822091,0.4318181818181819,-0.3142857142857143,0.6035527690700104,False
background_positive,CXCL2,4.555831405521704,5.365293882649967,-0.809462477128263,0.01767676767676768,-0.8285714285714286,0.17381360777587193,False
background_positive,XBP1,7.82284769499961,9.649363714844577,-1.8265160198449673,0.10606060606060606,-0.6,0.2509138073340408,False
background_positive,CD209,2.9243432115754002,4.203399051744585,-1.2790558401691845,0.148989898989899,-0.5428571428571428,0.297979797979798,False
background_positive,TNFRSF9,-0.035079460311687544,0.07365095063247078,-0.10873041094415832,0.5303030303030304,-0.2571428571428571,0.7009222661396576,False
background_positive,GBP5,2.8146192363758398,3.375892334033225,-0.5612730976573852,0.8762626262626263,0.08571428571428572,0.92655248133509,False
background_positive,TNFSF11,-0.035079460311687544,0.06957952501049491,-0.10465898532218246,0.7550505050505051,-0.14285714285714285,0.8361943662490111,False
background_positive,LCK,4.707903654637255,3.4086745841818176,1.299229070455437,0.638888888888889,0.2,0.7927437641723356,False
background_positive,CXCL13,-0.035079460311687544,0.06957952501049491,-0.10465898532218246,0.5303030303030304,-0.2571428571428571,0.7009222661396576,False
background_positive,CTLA4-TM,0.24906068641882229,0.06957952501049491,0.17948116140832737,0.638888888888889,0.2,0.7927437641723356,False
background_positive,IL26,-0.035079460311687544,0.06957952501049491,-0.10465898532218246,0.4318181818181819,-0.3142857142857143,0.6035527690700104,False
background_positive,BCL3,6.54789596604735,8.054366214150814,-1.5064702481034642,0.3434343434343435,-0.37142857142857144,0.522020202020202,False
background_positive,IL7R,6.726463621660649,6.606227557596109,0.12023606406453968,1.0,0.02857142857142857,1.0,False
background_positive,DPP4,6.215991692203866,10.090996298635304,-3.875004606431438,0.01767676767676768,-0.8285714285714286,0.17381360777587193,False
background_positive,IL6,0.24906068641882229,0.31874507180142636,-0.06968438538260407,0.638888888888889,-0.2,0.7927437641723356,False
background_positive,CXCR6,-0.035079460311687544,0.4642552442927023,-0.4993347046043899,0.148989898989899,-0.5428571428571428,0.297979797979798,False
background_positive,CFD,5.157405664315077,6.8092428948494055,-1.651837230534328,0.10606060606060606,-0.6,0.2509138073340408,False
background_positive,CCL4,3.6181861829268493,5.3388420231835925,-1.7206558402567431,0.148989898989899,-0.5428571428571428,0.297979797979798,False
background_positive,DEFB103A,0.143802219005477,0.06957952501049491,0.07422269399498208,0.7550505050505051,-0.14285714285714285,0.8361943662490111,False
background_positive,LILRA1,2.4025210795019163,2.728281664178211,-0.32576058467629476,0.7550505050505051,-0.14285714285714285,0.8361943662490111,False
background_positive,NOS2,0.24906068641882229,4.450015020225535,-4.200954333806712,0.030303030303030304,-0.7714285714285715,0.17381360777587193,False
background_positive,SLAMF7,2.7258070714145797,1.2539583405837258,1.4718487308308539,0.8762626262626263,0.08571428571428572,0.92655248133509,False
background_positive,LTBR,7.554288386600066,9.987327385430044,-2.4330389988299777,0.030303030303030304,-0.7714285714285715,0.17381360777587193,False
background_positive,IRF5,4.195901755630677,6.744694067991284,-2.5487923123606064,0.10606060606060606,-0.6,0.2509138073340408,False
background_positive,ITGA4,4.71854855474695,4.853801340529845,-0.13525278578289512,0.638888888888889,-0.2,0.7927437641723356,False
background_positive,PDCD2,5.233681260305203,7.447350946265703,-2.2136696859605003,0.030303030303030304,-0.7714285714285715,0.17381360777587193,False
background_positive,CDKN1A,4.8079837379926715,7.618737811224581,-2.8107540732319096,0.010101010101010102,-0.8857142857142857,0.17381360777587193,False
background_positive,IGF2R,6.150353544651716,9.4102043633867,-3.259850818734985,0.030303030303030304,-0.7714285714285715,0.17381360777587193,False
background_positive,SERPING1,9.965698548616512,11.770386498048701,-1.8046879494321892,0.07323232323232323,-0.6571428571428571,0.21933621933621933,False
background_positive,PTPN2,5.042937939929639,7.514187294765996,-2.471249354836357,0.10606060606060606,-0.6,0.2509138073340408,False
background_positive,CCR6,0.795278388537451,3.46745596101045,-2.6721775724729993,0.3434343434343435,-0.37142857142857144,0.522020202020202,False
background_positive,HLA-DRA,9.958960122799214,11.479866753031857,-1.520906630232643,0.20202020202020204,-0.4857142857142857,0.35809994993668465,False
background_positive,GPI,8.520179782225979,11.209105230715934,-2.6889254484899556,0.030303030303030304,-0.7714285714285715,0.17381360777587193,False
background_positive,CD46,7.8277322272360275,11.092870673795488,-3.265138446559461,0.01767676767676768,-0.8285714285714286,0.17381360777587193,False
background_positive,RORC,3.939599176658909,8.093053766024875,-4.153454589365966,0.01767676767676768,-0.8285714285714286,0.17381360777587193,False
background_positive,KIR3DL2,-0.035079460311687544,0.06957952501049491,-0.10465898532218246,0.5303030303030304,-0.2571428571428571,0.7009222661396576,False
background_positive,PSMB9,6.421199776455598,8.124051489686728,-1.70285171323113,0.26767676767676774,-0.42857142857142855,0.4238215488215489,False
background_positive,PTGER4,5.157405664315077,7.095434965197481,-1.9380293008824037,0.148989898989899,-0.5428571428571428,0.297979797979798,False
background_positive,C6,4.71854855474695,6.106329328911781,-1.3877807741648311,0.10606060606060606,-0.6,0.2509138073340408,False
background_positive,TNFSF13B,4.908754043727319,5.848463875156003,-0.9397098314286847,0.20202020202020204,-0.4857142857142857,0.35809994993668465,False
background_positive,PTPN22,3.5229586907465027,3.8551520330091926,-0.33219334226268993,0.4318181818181819,-0.3142857142857143,0.6035527690700104,False
background_positive,PTK2,7.900251372438534,10.831429461862433,-2.9311780894238986,0.01767676767676768,-0.8285714285714286,0.17381360777587193,False
background_positive,LAMP3,1.8825914924237301,0.4642552442927023,1.4183362481310278,1.0,0.02857142857142857,1.0,False
background_positive,FCGR2A,4.999582024950335,6.98627747317673,-1.9866954482263948,0.20202020202020204,-0.4857142857142857,0.35809994993668465,False
background_positive,IFI16,6.928141780960055,8.554662734196187,-1.626520953236132,0.26767676767676774,-0.42857142857142855,0.4238215488215489,False
background_positive,POU2F2,4.760797926987816,4.987260265877883,-0.22646233889006773,0.7550505050505051,-0.14285714285714285,0.8361943662490111,False
background_positive,LILRA2,0.24906068641882229,2.479553457759974,-2.2304927713411518,0.4318181818181819,-0.3142857142857143,0.6035527690700104,False
background_positive,NOD1,4.195901755630677,5.979022120082234,-1.7831203644515572,0.07323232323232323,-0.6571428571428571,0.21933621933621933,False
background_positive,sCTLA4,-0.035079460311687544,0.06957952501049491,-0.10465898532218246,0.7550505050505051,-0.14285714285714285,0.8361943662490111,False
background_positive,PDGFRB,7.840074732180454,10.065833340244426,-2.2257586080639724,0.07323232323232323,-0.6571428571428571,0.21933621933621933,False
background_positive,UBE2L3,6.361109619624692,8.441638064724483,-2.080528445099791,0.04797979797979798,-0.7142857142857143,0.19066481811579852,False
background_positive,IL27,-0.035079460311687544,0.07365095063247078,-0.10873041094415832,0.4318181818181819,-0.3142857142857143,0.6035527690700104,False
background_positive,TNFRSF17,2.5198486940189424,0.06957952501049491,2.4502691690084477,0.5303030303030304,0.2571428571428571,0.7009222661396576,False
background_positive,GBP1,4.6661940521830445,7.038990766702553,-2.3727967145195086,0.07323232323232323,-0.6571428571428571,0.21933621933621933,False
background_positive,CD24,10.736071735874795,12.775096165678244,-2.0390244298034492,0.148989898989899,-0.5428571428571428,0.297979797979798,False
background_positive,IL21,-0.035079460311687544,0.07365095063247078,-0.10873041094415832,0.4318181818181819,-0.3142857142857143,0.6035527690700104,False
background_positive,CD34,4.1622038823428005,6.087105912514486,-1.924902030171686,0.07323232323232323,-0.6571428571428571,0.21933621933621933,False
background_positive,TNFSF8,0.795278388537451,2.4955574207363007,-1.7002790321988497,0.148989898989899,-0.5428571428571428,0.297979797979798,False
background_positive,C1R,8.976678573213768,10.770154481923504,-1.7934759087097358,0.20202020202020204,-0.4857142857142857,0.35809994993668465,False
background_positive,C8B,-0.035079460311687544,0.06957952501049491,-0.10465898532218246,0.7550505050505051,-0.14285714285714285,0.8361943662490111,False
background_positive,IL29,-0.035079460311687544,0.06957952501049491,-0.10465898532218246,0.7550505050505051,-0.14285714285714285,0.8361943662490111,False
background_positive,IKZF3,4.195901755630677,3.7249565948212777,0.4709451608093995,0.638888888888889,0.2,0.7927437641723356,False
background_positive,GPR183,4.612134414325943,4.406833670785039,0.20530074354090377,0.7550505050505051,-0.14285714285714285,0.8361943662490111,False
background_positive,IL2,-0.035079460311687544,0.06957952501049491,-0.10465898532218246,0.7550505050505051,-0.14285714285714285,0.8361943662490111,False
background_positive,LAIR1,5.982355374801818,7.041931564552699,-1.0595761897508806,0.26767676767676774,-0.42857142857142855,0.4238215488215489,False
background_positive,AHR,7.929423871832216,9.481756937632541,-1.5523330658003252,0.20202020202020204,-0.4857142857142857,0.35809994993668465,False
background_positive,IKBKG,5.884849587989198,7.782027463859608,-1.89717787587041,0.07323232323232323,-0.6571428571428571,0.21933621933621933,False
background_positive,BCAP31,8.453400705526725,11.167852592821665,-2.71445188729494,0.04797979797979798,-0.7142857142857143,0.19066481811579852,False
background_positive,CD8B,2.6232346099768353,2.2755796920410494,0.34765491793578596,1.0,0.02857142857142857,1.0,False
background_positive,CCL24,-0.035079460311687544,3.4086745841818176,-3.443754044493505,0.04797979797979798,-0.7142857142857143,0.19066481811579852,False
background_positive,CEACAM8,-0.035079460311687544,0.06957952501049491,-0.10465898532218246,0.638888888888889,-0.2,0.7927437641723356,False
background_positive,CD14,7.540808259518399,8.728720839320847,-1.1879125798024477,0.20202020202020204,-0.4857142857142857,0.35809994993668465,False
background_positive,ITGA5,5.49360857912726,7.966596384251533,-2.472987805124273,0.04797979797979798,-0.7142857142857143,0.19066481811579852,False
background_positive,CD55,3.6191310917820974,6.205332867976355,-2.5862017761942577,0.04797979797979798,-0.7142857142857143,0.19066481811579852,False
background_positive,CD164,7.607175361026511,10.878158090166888,-3.2709827291403775,0.01767676767676768,-0.8285714285714286,0.17381360777587193,False
background_positive,ARG2,5.1650490179760915,8.524717527303661,-3.3596685093275696,0.01767676767676768,-0.8285714285714286,0.17381360777587193,False
background_positive,BATF,1.8825914924237301,3.4086745841818176,-1.5260830917580874,0.7550505050505051,-0.14285714285714285,0.8361943662490111,False
background_positive,MSR1,5.242091733017221,7.149366932497792,-1.907275199480571,0.148989898989899,-0.5428571428571428,0.297979797979798,False
background_positive,CSF1R,2.5198486940189424,4.414027931715201,-1.8941792376962585,0.26767676767676774,-0.42857142857142855,0.4238215488215489,False
background_positive,IL5,-0.035079460311687544,0.06957952501049491,-0.10465898532218246,0.5303030303030304,-0.2571428571428571,0.7009222661396576,False
background_positive,IRAK1,6.298407440076677,8.178824254162654,-1.8804168140859767,0.030303030303030304,-0.7714285714285715,0.17381360777587193,False
background_positive,IFNB1,-0.035079460311687544,0.06957952501049491,-0.10465898532218246,0.7550505050505051,-0.14285714285714285,0.8361943662490111,False
background_positive,TNFRSF1B,4.908754043727319,6.974109665428069,-2.0653556217007507,0.148989898989899,-0.5428571428571428,0.297979797979798,False
background_positive,CASP8,6.004456549206601,8.361047930997328,-2.356591381790727,0.20202020202020204,-0.4857142857142857,0.35809994993668465,False
background_positive,IFIT2,4.508934964013444,6.620687761503186,-2.111752797489742,0.10606060606060606,-0.6,0.2509138073340408,False
background_positive,LILRB3,3.5116599473664487,4.4288224441151325,-0.9171624967486838,0.638888888888889,-0.2,0.7927437641723356,False
background_positive,NLRP3,3.380658849164725,3.7558092123390145,-0.3751503631742894,0.4318181818181819,-0.3142857142857143,0.6035527690700104,False
background_positive,JAK2,6.500633346014394,9.249683593660288,-2.7490502476458945,0.04797979797979798,-0.7142857142857143,0.19066481811579852,False
background_positive,CSF2RB,5.76654810820113,5.8822344444432275,-0.11568633624209745,1.0,-0.02857142857142857,1.0,False
background_positive,CCL3,3.3966363938568063,4.395741577880353,-0.9991051840235463,0.4318181818181819,-0.3142857142857143,0.6035527690700104,False
background_positive,CLEC6A,-0.035079460311687544,0.06957952501049491,-0.10465898532218246,0.7550505050505051,-0.14285714285714285,0.8361943662490111,False
background_positive,IL9,-0.035079460311687544,0.06957952501049491,-0.10465898532218246,0.7550505050505051,-0.14285714285714285,0.8361943662490111,False
background_positive,CX3CL1,5.481507050941593,8.29023289955421,-2.8087258486126174,0.01767676767676768,-0.8285714285714286,0.17381360777587193,False
background_positive,TNFSF4,0.24906068641882229,5.138283876836663,-4.889223190417841,0.01767676767676768,-0.8285714285714286,0.17381360777587193,False
background_positive,BTLA,3.1347808469872946,3.8079303783850897,-0.6731495313977951,0.8762626262626263,0.08571428571428572,0.92655248133509,False
background_positive,C2,6.036562370337602,6.780543402083733,-0.7439810317461308,0.148989898989899,-0.5428571428571428,0.297979797979798,False
background_positive,IL6ST,9.570718361856605,12.090621533070752,-2.519903171214148,0.030303030303030304,-0.7714285714285715,0.17381360777587193,False
background_positive,BCL10,7.0823478308292165,9.518416505579664,-2.436068674750447,0.04797979797979798,-0.7142857142857143,0.19066481811579852,False
background_positive,PAX5,0.143802219005477,0.20517610397932684,-0.06137388497384985,0.8762626262626263,-0.08571428571428572,0.92655248133509,False
background_positive,IFNA2,-0.035079460311687544,0.06957952501049491,-0.10465898532218246,0.3434343434343435,-0.37142857142857144,0.522020202020202,False
background_positive,CD276,7.1281372001533665,9.371636057592232,-2.2434988574388655,0.10606060606060606,-0.6,0.2509138073340408,False
background_positive,CD58,6.026224249799976,8.120590502237969,-2.0943662524379922,0.01767676767676768,-0.8285714285714286,0.17381360777587193,False
background_positive,FKBP5,6.435839232760009,11.637046750044496,-5.2012075172844865,0.01767676767676768,-0.8285714285714286,0.17381360777587193,False
background_positive,IRF1,6.035530830036517,7.455999463558966,-1.4204686335224483,0.20202020202020204,-0.4857142857142857,0.35809994993668465,False
background_positive,ATM,-0.035079460311687544,3.125234579499896,-3.1603140398115834,0.3434343434343435,-0.37142857142857144,0.522020202020202,False
background_positive,IL2RB,5.242091733017221,4.5256827322340065,0.7164090007832149,1.0,0.02857142857142857,1.0,False
background_positive,CCL19,9.119291504592047,6.212510502597128,2.9067810019949185,0.07323232323232323,0.6571428571428571,0.21933621933621933,False
background_positive,IFI35,5.233681260305203,6.591620949695954,-1.3579396893907507,0.07323232323232323,-0.6571428571428571,0.21933621933621933,False
background_positive,CCL11,4.944558284618781,4.799730221809802,0.14482806280897886,0.7550505050505051,0.14285714285714285,0.8361943662490111,False
background_positive,HLA-DMA,7.10083833689374,8.803510373716733,-1.7026720368229933,0.148989898989899,-0.5428571428571428,0.297979797979798,False
background_positive,LILRB2,3.55810388567881,4.954640162961121,-1.3965362772823116,0.5303030303030304,-0.2571428571428571,0.7009222661396576,False
background_positive,KLRC4,2.6232346099768353,4.5740829283015145,-1.9508483183246792,0.10606060606060606,-0.6,0.2509138073340408,False
background_positive,KLRG1,3.2544785883339205,3.008465971291235,0.2460126170426853,1.0,0.02857142857142857,1.0,False
background_positive,MAF,4.564560718027937,7.904459131533715,-3.339898413505778,0.030303030303030304,-0.7714285714285715,0.17381360777587193,False
background_positive,HLA-DPA1,9.806922152500444,10.746992174152785,-0.9400700216523408,0.3434343434343435,-0.37142857142857144,0.522020202020202,False
background_positive,TNFAIP6,0.07717275552371888,0.07365095063247078,0.0035218048912481065,0.7550505050505051,-0.14285714285714285,0.8361943662490111,False
background_positive,LTB4R,3.6967835304093755,6.507629601906546,-2.81084607149717,0.07323232323232323,-0.6571428571428571,0.21933621933621933,False
background_positive,IL13,-0.035079460311687544,0.06957952501049491,-0.10465898532218246,0.7550505050505051,-0.14285714285714285,0.8361943662490111,False
background_positive,CD247,4.116951920658102,3.99714848766255,0.11980343299555196,0.8762626262626263,0.08571428571428572,0.92655248133509,False
background_positive,CASP2,5.543198913490855,8.098603321347257,-2.555404407856402,0.10606060606060606,-0.6,0.2509138073340408,False
background_positive,ITGB2,6.730165210976435,7.887438960915517,-1.1572737499390824,0.26767676767676774,-0.42857142857142855,0.4238215488215489,False
background_positive,TAPBP,7.567643724351564,10.151931015590911,-2.584287291239347,0.148989898989899,-0.5428571428571428,0.297979797979798,True
background_positive,IL1R1,6.3914675297429895,8.159257831865515,-1.7677903021225259,0.07323232323232323,-0.6571428571428571,0.21933621933621933,False
background_positive,C1QBP,7.945568389555029,10.745467020497362,-2.799898630942333,0.030303030303030304,-0.7714285714285715,0.17381360777587193,False
background_positive,PTPRC_all,7.540672498266885,7.790417712121232,-0.24974521385434656,0.4318181818181819,-0.3142857142857143,0.6035527690700104,False
background_positive,S100A9,6.2644489078924765,6.841922437548011,-0.5774735296555349,0.26767676767676774,-0.42857142857142855,0.4238215488215489,False
background_positive,MAPK11,1.79061832035717,5.59559206230544,-3.80497374194827,0.01767676767676768,-0.8285714285714286,0.17381360777587193,False
background_positive,GP1BB,2.812483982233851,4.4833527978155825,-1.6708688155817315,0.030303030303030304,-0.7714285714285715,0.17381360777587193,False
background_positive,CLU,0.143802219005477,0.20517610397932684,-0.06137388497384985,0.4318181818181819,-0.3142857142857143,0.6035527690700104,False
background_positive,MBL2,-0.035079460311687544,0.06957952501049491,-0.10465898532218246,0.7550505050505051,-0.14285714285714285,0.8361943662490111,False
background_positive,FCER1G,6.215991692203866,7.36181690762604,-1.1458252154221746,0.20202020202020204,-0.4857142857142857,0.35809994993668465,False
background_positive,C1QA,6.450331629152303,7.89041832602357,-1.4400866968712673,0.10606060606060606,-0.6,0.2509138073340408,True
background_positive,SLC2A1,2.7258070714145797,6.007739375040188,-3.2819323036256085,0.04797979797979798,-0.7142857142857143,0.19066481811579852,False
background_positive,VCAM1,7.970919575160246,9.609832494470462,-1.6389129193102159,0.148989898989899,-0.5428571428571428,0.297979797979798,False
background_positive,IL18,5.552180389828883,7.743307003434506,-2.191126613605623,0.07323232323232323,-0.6571428571428571,0.21933621933621933,False
background_positive,KLRAP1,-0.035079460311687544,2.974025488006339,-3.0091049483180266,0.148989898989899,-0.5428571428571428,0.297979797979798,False
background_positive,CCL18,2.2627835052870178,1.3759419095494474,0.8868415957375704,0.5303030303030304,0.2571428571428571,0.7009222661396576,False
background_positive,IL1RAP,3.504816695425952,6.572957949912727,-3.068141254486775,0.030303030303030304,-0.7714285714285715,0.17381360777587193,False
background_positive,NOD2,1.1834536524671477,2.479553457759974,-1.2960998052928263,0.3434343434343435,-0.37142857142857144,0.522020202020202,False
background_positive,TGFB1,6.12858106302791,8.299900328762199,-2.1713192657342892,0.148989898989899,-0.5428571428571428,0.297979797979798,False
background_positive,NFKBIA,8.375807677923415,11.33366848975134,-2.957860811827924,0.030303030303030304,-0.7714285714285715,0.17381360777587193,False
background_positive,HRAS,5.289562429942436,7.684426313391241,-2.3948638834488047,0.010101010101010102,-0.8857142857142857,0.17381360777587193,False
background_positive,DEFB103B,-0.035079460311687544,0.06957952501049491,-0.10465898532218246,0.5303030303030304,-0.2571428571428571,0.7009222661396576,False
background_positive,ADA,3.098833577036574,5.231103810652052,-2.132270233615478,0.030303030303030304,-0.7714285714285715,0.17381360777587193,False
background_positive,TAGAP,4.436171188954058,4.314265109262611,0.1219060796914464,1.0,0.02857142857142857,1.0,False
background_positive,ICAM1,5.866466313507334,7.9287127388689544,-2.0622464253616206,0.20202020202020204,-0.4857142857142857,0.35809994993668465,False
background_positive,IFITM1,8.153648462690153,10.034328013142536,-1.880679550452383,0.10606060606060606,-0.6,0.2509138073340408,False
background_positive,RELB,4.436171188954058,5.7869674027575835,-1.3507962138035259,0.638888888888889,-0.2,0.7927437641723356,False
background_positive,XCL1,-0.035079460311687544,0.06957952501049491,-0.10465898532218246,0.4318181818181819,-0.3142857142857143,0.6035527690700104,False
background_positive,CD160,-0.035079460311687544,0.20517610397932684,-0.24025556429101438,0.7550505050505051,-0.14285714285714285,0.8361943662490111,False
background_positive,S1PR1,2.221365546046499,5.722486067786776,-3.501120521740277,0.04797979797979798,-0.7142857142857143,0.19066481811579852,False
background_positive,TGFBR2,7.802725851054496,10.299662834632713,-2.496936983578217,0.07323232323232323,-0.6571428571428571,0.21933621933621933,False
background_positive,CD163,6.15500055765617,8.402409071903898,-2.247408514247728,0.030303030303030304,-0.7714285714285715,0.17381360777587193,False
background_positive,CXCR3,4.002865887208999,2.1788221323784995,1.824043754830499,0.638888888888889,0.2,0.7927437641723356,True
background_positive,BLNK,5.289562429942436,7.553158022192342,-2.2635955922499056,0.04797979797979798,-0.7142857142857143,0.19066481811579852,False
background_positive,KLRG2,-0.035079460311687544,3.592966643055942,-3.6280461033676294,0.030303030303030304,-0.7714285714285715,0.17381360777587193,False
background_positive,HLA-B,9.943757088593427,11.729593662433727,-1.7858365738402995,0.20202020202020204,-0.4857142857142857,0.35809994993668465,False
background_positive,CD244,0.24906068641882229,1.5439841939909265,-1.2949235075721042,0.8762626262626263,-0.08571428571428572,0.92655248133509,False
background_positive,CXCL12,10.032056550861599,12.115787705841946,-2.083731154980347,0.26767676767676774,-0.42857142857142855,0.4238215488215489,False
background_positive,KCNJ2,2.7258070714145797,4.339807190756138,-1.6140001193415587,0.10606060606060606,-0.6,0.2509138073340408,False
background_positive,S100A8,3.8101989635356417,5.8671879864996415,-2.0569890229639998,0.030303030303030304,-0.7714285714285715,0.17381360777587193,False
background_positive,TNFSF15,5.335183936137947,6.8342749127270155,-1.499090976589068,0.10606060606060606,-0.6,0.2509138073340408,False
background_positive,IL6R,4.615655329169006,7.287136163419247,-2.671480834250241,0.030303030303030304,-0.7714285714285715,0.17381360777587193,False
background_positive,CLEC4E,2.5198486940189424,5.125094116475532,-2.6052454224565897,0.010101010101010102,-0.8857142857142857,0.17381360777587193,False
background_positive,CD28,2.812483982233851,2.7867475657125476,0.02573641652130343,0.8762626262626263,0.08571428571428572,0.92655248133509,False
background_positive,C4A/B,9.464324237460332,11.836238720491895,-2.3719144830315635,0.20202020202020204,-0.4857142857142857,0.35809994993668465,False
background_positive,LCP2,7.570608400890467,8.29156614879781,-0.7209577479073426,0.20202020202020204,-0.4857142857142857,0.35809994993668465,False
background_positive,GZMK,5.1656966188504425,4.588604650566048,0.5770919682843942,0.7550505050505051,0.14285714285714285,0.8361943662490111,False
background_positive,IL12A,-0.035079460311687544,0.06957952501049491,-0.10465898532218246,0.7550505050505051,-0.14285714285714285,0.8361943662490111,False
background_positive,TYK2,5.817372055187295,8.264195844716854,-2.4468237895295584,0.04797979797979798,-0.7142857142857143,0.19066481811579852,False
background_positive,FCGR1A/B,3.094807285130193,3.948092669980034,-0.853285384849841,0.26767676767676774,-0.42857142857142855,0.4238215488215489,False
background_positive,KLRB1,5.659191395417651,5.083695862016294,0.575495533401357,0.638888888888889,0.2,0.7927437641723356,False
background_positive,CD79B,4.8118213009167965,3.5900946224047754,1.221726678512021,0.4318181818181819,0.3142857142857143,0.6035527690700104,False
background_positive,SH2D1A,1.3382524266242513,1.0588056252964766,0.27944680132777466,1.0,0.02857142857142857,1.0,False
background_positive,TLR8,2.9273897719399034,3.8551520330091926,-0.9277622610692893,0.638888888888889,-0.2,0.7927437641723356,False
background_positive,IL7,0.24906068641882229,2.3709700404262026,-2.1219093540073803,0.26767676767676774,-0.42857142857142855,0.4238215488215489,False
background_positive,CD274,1.4390327585955232,5.0027887053989115,-3.563755946803388,0.10606060606060606,-0.6,0.2509138073340408,False
background_positive,FCGR3A/B,4.411841624162314,6.245795512484514,-1.8339538883222,0.04797979797979798,-0.7142857142857143,0.19066481811579852,False
background_positive,LILRA4,1.79061832035717,0.06957952501049491,1.721038795346675,0.07323232323232323,0.6571428571428571,0.21933621933621933,False
background_positive,LGALS3,7.3877019980811465,10.495125528720818,-3.1074235306396716,0.01767676767676768,-0.8285714285714286,0.17381360777587193,False
background_positive,DEFB4A,-0.035079460311687544,0.06957952501049491,-0.10465898532218246,0.3434343434343435,-0.37142857142857144,0.522020202020202,False
background_positive,RUNX1,5.1656966188504425,5.663968247466431,-0.4982716286159885,0.638888888888889,-0.2,0.7927437641723356,False
background_positive,BID,-0.035079460311687544,2.0674588913325067,-2.1025383516441942,0.10606060606060606,-0.6,0.2509138073340408,False
background_positive,DEFB1,5.26681061341126,8.28056565718666,-3.0137550437754,0.01767676767676768,-0.8285714285714286,0.17381360777587193,False
background_positive,LTB4R2,3.9796319865021075,6.562942166950184,-2.5833101804480765,0.07323232323232323,-0.6571428571428571,0.21933621933621933,False
background_positive,CTSC,8.725734035144571,11.704362994454703,-2.9786289593101323,0.04797979797979798,-0.7142857142857143,0.19066481811579852,False
background_positive,CXCR2,-0.035079460311687544,3.533898810448401,-3.5689782707600886,0.005050505050505051,-0.9428571428571428,0.17381360777587193,False
background_positive,TNFRSF11A,2.2166300750074277,4.341202947642245,-2.124572872634817,0.07323232323232323,-0.6571428571428571,0.21933621933621933,False
background_positive,JAK3,5.204399786229141,5.489849540549234,-0.28544975432009334,0.8762626262626263,-0.08571428571428572,0.92655248133509,False
background_positive,CCL13,3.098833577036574,2.1788221323784995,0.9200114446580745,0.4318181818181819,0.3142857142857143,0.6035527690700104,False
background_positive,TRAF3,5.602360563054682,7.306271089713288,-1.703910526658606,0.20202020202020204,-0.4857142857142857,0.35809994993668465,False
background_positive,PDCD1LG2,-0.035079460311687544,3.46745596101045,-3.5025354213221376,0.07323232323232323,-0.6571428571428571,0.21933621933621933,False
background_positive,RAG1,0.24906068641882229,5.029116702569727,-4.780056016150905,0.04797979797979798,-0.7142857142857143,0.19066481811579852,False
background_positive,NFATC3,6.170041785914669,9.037894197026185,-2.8678524111115165,0.01767676767676768,-0.8285714285714286,0.17381360777587193,False
background_positive,TNFRSF10C,2.54510287557329,4.753657684522296,-2.2085548089490064,0.10606060606060606,-0.6,0.2509138073340408,False
background_positive,IL21R,2.2166300750074277,2.7665695227284166,-0.5499394477209889,0.5303030303030304,-0.2571428571428571,0.7009222661396576,False
background_positive,IL22,-0.035079460311687544,0.06957952501049491,-0.10465898532218246,0.7550505050505051,-0.14285714285714285,0.8361943662490111,False
background_positive,KIR_Activating_Subgroup_2,-0.035079460311687544,0.06957952501049491,-0.10465898532218246,0.4318181818181819,-0.3142857142857143,0.6035527690700104,False
background_positive,IL12RB1,2.9273897719399034,3.122181180224219,-0.19479140828431563,0.7550505050505051,-0.14285714285714285,0.8361943662490111,False
background_positive,SMAD5,6.3765100345290735,8.772238259467343,-2.39572822493827,0.030303030303030304,-0.7714285714285715,0.17381360777587193,False
background_positive,CD48,5.042937939929639,5.3388420231835925,-0.29590408325395323,1.0,-0.02857142857142857,1.0,False
background_positive,CD19,1.8612652344466996,0.06957952501049491,1.7916857094362046,0.3434343434343435,0.37142857142857144,0.522020202020202,False
background_positive,LTA,0.24906068641882229,1.1561739147581291,-0.9071132283393069,1.0,-0.02857142857142857,1.0,False
background_positive,TRAF2,5.278823958047963,7.393065015295459,-2.1142410572474963,0.07323232323232323,-0.6571428571428571,0.21933621933621933,False
background_positive,FCGR2A/C,7.142620380369684,8.329195565146206,-1.1865751847765216,0.04797979797979798,-0.7142857142857143,0.19066481811579852,False
background_positive,CD96,5.838402173302886,4.6888279901799015,1.1495741831229846,0.4318181818181819,0.3142857142857143,0.6035527690700104,False
background_positive,GZMA,5.042937939929639,5.70119753316958,-0.6582595932399409,0.5303030303030304,-0.2571428571428571,0.7009222661396576,False
background_positive,TFRC,5.937110606231319,8.999527970414968,-3.0624173641836494,0.010101010101010102,-0.8857142857142857,0.17381360777587193,False
background_positive,CD44,8.530129750061583,9.626259367207592,-1.0961296171460084,0.20202020202020204,-0.4857142857142857,0.35809994993668465,False
background_positive,MASP2,-0.035079460311687544,0.06957952501049491,-0.10465898532218246,0.4318181818181819,-0.3142857142857143,0.6035527690700104,False
background_positive,MASP1,4.707903654637255,7.084282468914916,-2.376378814277661,0.10606060606060606,-0.6,0.2509138073340408,False
background_positive,ILF3,8.33899550413605,10.868709434893876,-2.5297139307578256,0.04797979797979798,-0.7142857142857143,0.19066481811579852,False
background_positive,ZBTB16,5.73806040105577,10.172814944106785,-4.434754543051015,0.07323232323232323,-0.6571428571428571,0.21933621933621933,False
background_positive,PTPN6,6.130392899189678,7.978360298498047,-1.8479673993083692,0.26767676767676774,-0.42857142857142855,0.4238215488215489,False
background_positive,C14orf166,7.706929167031611,10.577733223412597,-2.870804056380986,0.01767676767676768,-0.8285714285714286,0.17381360777587193,False
background_positive,C1QB,7.04551430782934,8.662225022294171,-1.6167107144648316,0.26767676767676774,-0.42857142857142855,0.4238215488215489,False
background_positive,CD99,8.959560941372867,11.12997399057086,-2.170413049197993,0.10606060606060606,-0.6,0.2509138073340408,False
background_positive,ICOS,0.07717275552371888,0.31874507180142636,-0.24157231627770748,0.5303030303030304,-0.2571428571428571,0.7009222661396576,False
background_positive,C5,4.328958121200269,7.145565250096582,-2.8166071288963135,0.04797979797979798,-0.7142857142857143,0.19066481811579852,False
background_positive,MCL1,8.377609465237185,10.930525577765673,-2.5529161125284876,0.01767676767676768,-0.8285714285714286,0.17381360777587193,False
background_positive,TLR9,3.271641476173612,3.0209680594706483,0.2506734167029636,1.0,0.02857142857142857,1.0,False
background_positive,LILRA6,0.24906068641882229,0.06957952501049491,0.17948116140832737,1.0,0.02857142857142857,1.0,False
background_positive,MAP4K1,5.76654810820113,5.153668462636175,0.6128796455649548,1.0,0.02857142857142857,1.0,False
background_positive,PSMD7,6.755445019034227,9.880226635101765,-3.124781616067539,0.030303030303030304,-0.7714285714285715,0.17381360777587193,False
background_positive,TGFBI,7.2012038789950665,9.308412247226716,-2.1072083682316496,0.26767676767676774,-0.42857142857142855,0.4238215488215489,False
background_positive,MS4A1,4.908754043727319,0.20517610397932684,4.7035779397479915,0.26767676767676774,0.42857142857142855,0.4238215488215489,False
background_positive,CEACAM6,0.143802219005477,0.20517610397932684,-0.06137388497384985,0.5303030303030304,-0.2571428571428571,0.7009222661396576,False
background_positive,IL16,6.1738283233669495,6.467290899318886,-0.2934625759519367,0.7550505050505051,-0.14285714285714285,0.8361943662490111,False
background_positive,TRAF6,6.035530830036517,8.445704621816976,-2.4101737917804584,0.030303030303030304,-0.7714285714285715,0.17381360777587193,False
background_positive,MIF,8.368195482975576,11.560364755852572,-3.1921692728769955,0.01767676767676768,-0.8285714285714286,0.17381360777587193,False
background_positive,SOCS1,4.116951920658102,6.191890266537464,-2.074938345879362,0.030303030303030304,-0.7714285714285715,0.17381360777587193,False
background_positive,KIR3DL1,-0.035079460311687544,0.06957952501049491,-0.10465898532218246,0.7550505050505051,-0.14285714285714285,0.8361943662490111,False
background_positive,IL23A,0.07717275552371888,0.20517610397932684,-0.12800334845560796,0.4318181818181819,-0.3142857142857143,0.6035527690700104,False
background_positive,CCR7,3.244801245363405,0.06957952501049491,3.1752217203529103,0.26767676767676774,0.42857142857142855,0.4238215488215489,False
background_positive,TLR1,4.3419142013976195,6.846629910704216,-2.5047157093065966,0.10606060606060606,-0.6,0.2509138073340408,False
background_positive,IL18R1,4.3419142013976195,6.386910096843988,-2.0449958954463687,0.07323232323232323,-0.6571428571428571,0.21933621933621933,False
background_positive,RAF1,5.543198913490855,9.084771187985536,-3.5415722744946816,0.01767676767676768,-0.8285714285714286,0.17381360777587193,False
background_positive,IL15,3.271641476173612,6.142428079921847,-2.870786603748235,0.148989898989899,-0.5428571428571428,0.297979797979798,False
background_positive,IKZF2,2.9243432115754002,5.652996495080391,-2.7286532835049906,0.030303030303030304,-0.7714285714285715,0.17381360777587193,False
background_positive,CD4,5.543198913490855,6.576864942886461,-1.0336660293956061,0.20202020202020204,-0.4857142857142857,0.35809994993668465,False
background_positive,IRAK3,2.1418338433941235,5.304593753801261,-3.1627599104071376,0.030303030303030304,-0.7714285714285715,0.17381360777587193,False
background_positive,NFIL3,3.3966363938568063,6.158914029750737,-2.762277635893931,0.010101010101010102,-0.8857142857142857,0.17381360777587193,False
background_positive,CIITA,4.999582024950335,6.2859096625850235,-1.2863276376346882,0.26767676767676774,-0.42857142857142855,0.4238215488215489,False
background_positive,CCRL1,4.131241376335433,5.852944514675968,-1.7217031383405352,0.030303030303030304,-0.7714285714285715,0.17381360777587193,False
background_positive,PPARG,3.5229586907465027,7.128271012260012,-3.6053123215135097,0.01767676767676768,-0.8285714285714286,0.17381360777587193,False
background_positive,TLR2,4.508934964013444,6.78984258129334,-2.2809076172798957,0.10606060606060606,-0.6,0.2509138073340408,False
background_positive,CD2,4.116951920658102,2.6215945582718083,1.4953573623862937,0.26767676767676774,0.42857142857142855,0.4238215488215489,False
background_positive,IKBKAP,5.614388235430353,7.946028647999246,-2.331640412568893,0.07323232323232323,-0.6571428571428571,0.21933621933621933,False
background_positive,SLAMF6,-0.035079460311687544,0.06957952501049491,-0.10465898532218246,0.5303030303030304,-0.2571428571428571,0.7009222661396576,False
background_positive,TNFRSF8,1.79061832035717,3.125234579499896,-1.334616259142726,0.4318181818181819,-0.3142857142857143,0.6035527690700104,False
background_positive,STAT1,7.6326265584662805,9.100332409399677,-1.4677058509333962,0.148989898989899,-0.5428571428571428,0.297979797979798,False
background_positive,CRADD,4.131241376335433,8.124051489686728,-3.992810113351295,0.04797979797979798,-0.7142857142857143,0.19066481811579852,False
background_positive,HLA-C,9.01090496197716,11.20371257867845,-2.192807616701291,0.10606060606060606,-0.6,0.2509138073340408,False
background_positive,GNLY,0.24906068641882229,4.083197854679494,-3.8341371682606713,0.10606060606060606,-0.6,0.2509138073340408,False
background_positive,CCL5,5.481507050941593,5.405564719805193,0.07594233113639959,1.0,-0.02857142857142857,1.0,True
background_positive,ITGAE,3.7492283485609104,6.572957949912727,-2.8237296013518165,0.01767676767676768,-0.8285714285714286,0.17381360777587193,False
background_positive,FCGRT,8.906556857658524,11.732832802006433,-2.826275944347909,0.10606060606060606,-0.6,0.2509138073340408,False
background_positive,IL10,-0.035079460311687544,0.06957952501049491,-0.10465898532218246,1.0,-0.02857142857142857,1.0,False
background_positive,CD59,9.405329063977252,12.277927929258256,-2.872598865281004,0.04797979797979798,-0.7142857142857143,0.19066481811579852,False
background_positive,CCBP2,1.1834536524671477,5.506362587345961,-4.3229089348788134,0.04797979797979798,-0.7142857142857143,0.19066481811579852,False
background_positive,STAT2,7.906133254613221,10.341731062570934,-2.4355978079577136,0.10606060606060606,-0.6,0.2509138073340408,True
background_positive,CD7,0.795278388537451,1.798434860110685,-1.003156471573234,0.8762626262626263,0.08571428571428572,0.92655248133509,False
background_positive,IFNAR1,3.9447745309783846,6.556921817863773,-2.6121472868853886,0.04797979797979798,-0.7142857142857143,0.19066481811579852,False
background_positive,ITGB1,8.622339487952427,11.228131253577992,-2.6057917656255647,0.030303030303030304,-0.7714285714285715,0.17381360777587193,False
background_positive,SIGIRR,5.614388235430353,8.841044322039675,-3.2266560866093217,0.030303030303030304,-0.7714285714285715,0.17381360777587193,False
background_positive,PDGFB,3.6191310917820974,5.910058454823618,-2.290927363041521,0.4318181818181819,-0.3142857142857143,0.6035527690700104,False
background_positive,IL28A/B,-0.035079460311687544,0.06957952501049491,-0.10465898532218246,0.638888888888889,-0.2,0.7927437641723356,False
background_positive,PRKCD,5.49360857912726,9.152565851020718,-3.658957271893458,0.01767676767676768,-0.8285714285714286,0.17381360777587193,False
background_positive,IL17F,-0.035079460311687544,0.06957952501049491,-0.10465898532218246,0.4318181818181819,-0.3142857142857143,0.6035527690700104,False
background_positive,TNFRSF14,7.210740619891239,9.80940687548021,-2.598666255588971,0.030303030303030304,-0.7714285714285715,0.17381360777587193,False
background_positive,GATA3,0.07717275552371888,5.153668462636175,-5.076495707112456,0.04797979797979798,-0.7142857142857143,0.19066481811579852,False
background_positive,TBK1,5.76654810820113,8.31398464915998,-2.5474365409588504,0.030303030303030304,-0.7714285714285715,0.17381360777587193,False
background_positive,CX3CR1,0.795278388537451,4.549498619126933,-3.754220230589482,0.4318181818181819,-0.3142857142857143,0.6035527690700104,False
background_positive,GZMB,3.0379731913054795,3.6726484951517424,-0.6346753038462629,0.7550505050505051,0.14285714285714285,0.8361943662490111,False
background_positive,TRAF4,5.959910350001761,8.765276544212979,-2.805366194211218,0.01767676767676768,-0.8285714285714286,0.17381360777587193,False
background_positive,CEBPB,6.506887843462233,8.81613050184087,-2.309242658378637,0.010101010101010102,-0.8857142857142857,0.17381360777587193,False
background_positive,APP,10.402000759685048,13.440856299589882,-3.0388555399048336,0.04797979797979798,-0.7142857142857143,0.19066481811579852,False
background_positive,PPBP,0.795278388537451,3.436202100265829,-2.6409237117283784,0.07323232323232323,-0.6571428571428571,0.21933621933621933,False
background_positive,ARHGDIB,7.898782482756729,9.43394743481163,-1.5351649520549016,0.148989898989899,-0.5428571428571428,0.297979797979798,False
background_positive,PLAUR,1.1834536524671477,3.3334154658958774,-2.14996181342873,0.07323232323232323,-0.6571428571428571,0.21933621933621933,False
background_positive,ATG7,5.872914367120627,8.437560012727099,-2.564645645606472,0.10606060606060606,-0.6,0.2509138073340408,False
background_positive,IL3,-0.035079460311687544,0.06957952501049491,-0.10465898532218246,0.4318181818181819,-0.3142857142857143,0.6035527690700104,False
background_positive,TNFRSF13B,-0.035079460311687544,0.06957952501049491,-0.10465898532218246,0.7550505050505051,-0.14285714285714285,0.8361943662490111,False
background_positive,CLEC7A,2.2166300750074277,4.744162858045987,-2.5275327830385597,0.04797979797979798,-0.7142857142857143,0.19066481811579852,False
background_positive,CSF1,4.116951920658102,6.403961984302149,-2.287010063644047,0.148989898989899,-0.5428571428571428,0.297979797979798,False
background_positive,ICAM4,0.24906068641882229,1.7806355979900534,-1.5315749115712312,0.7550505050505051,-0.14285714285714285,0.8361943662490111,False
background_positive,TAP1,3.850312003784412,6.4037306256527815,-2.5534186218683694,0.148989898989899,-0.5428571428571428,0.297979797979798,False
background_positive,MME,6.989328340035089,11.208692532877743,-4.2193641928426535,0.07323232323232323,-0.6571428571428571,0.21933621933621933,False
background_positive,IL1A,-0.035079460311687544,0.06957952501049491,-0.10465898532218246,0.3434343434343435,-0.37142857142857144,0.522020202020202,False
background_positive,TNFSF10,9.105085898894139,10.896457730142448,-1.7913718312483091,0.148989898989899,-0.5428571428571428,0.297979797979798,False
background_positive,HAVCR2,5.1650490179760915,7.1552863003100935,-1.990237282334002,0.148989898989899,-0.5428571428571428,0.297979797979798,False
background_positive,TNFAIP3,4.861101616844964,6.895018265356572,-2.0339166485116076,0.148989898989899,-0.5428571428571428,0.297979797979798,False
background_positive,CD82,4.270754396226136,6.946377502087566,-2.6756231058614306,0.030303030303030304,-0.7714285714285715,0.17381360777587193,False
background_positive,CUL9,5.7055740081465425,8.379222784947341,-2.673648776800799,0.07323232323232323,-0.6571428571428571,0.21933621933621933,False
background_positive,ETS1,7.486741793840514,9.502888288045288,-2.016146494204774,0.07323232323232323,-0.6571428571428571,0.21933621933621933,False
background_positive,CD5,4.71854855474695,3.8008885918135857,0.9176599629333642,0.7550505050505051,0.14285714285714285,0.8361943662490111,False
background_positive,ABCB1,8.240598668087427,10.941070823155291,-2.700472155067864,0.07323232323232323,-0.6571428571428571,0.21933621933621933,False
background_positive,LILRA3,-0.035079460311687544,0.20517610397932684,-0.24025556429101438,0.26767676767676774,-0.42857142857142855,0.4238215488215489,False
background_positive,FCER1A,5.817372055187295,5.113334273811403,0.7040377813758925,0.7550505050505051,0.14285714285714285,0.8361943662490111,False
background_positive,CCR1,3.098833577036574,5.624579773153877,-2.5257461961173027,0.148989898989899,-0.5428571428571428,0.297979797979798,False
background_positive,CFI,9.577313812356511,11.538636091565232,-1.961322279208721,0.07323232323232323,-0.6571428571428571,0.21933621933621933,False
background_positive,SYK,4.908754043727319,7.207730181140677,-2.2989761374133586,0.10606060606060606,-0.6,0.2509138073340408,False
background_positive,TLR3,5.26681061341126,7.469966324515874,-2.203155711104614,0.01767676767676768,-0.8285714285714286,0.17381360777587193,False
background_positive,HLA-DOB,4.3419142013976195,4.663315538112821,-0.3214013367152013,0.638888888888889,-0.2,0.7927437641723356,False
background_positive,NCAM1,3.380658849164725,6.012253488227609,-2.6315946390628837,0.010101010101010102,-0.8857142857142857,0.17381360777587193,False
background_positive,HAMP,-0.035079460311687544,0.06957952501049491,-0.10465898532218246,0.7550505050505051,-0.14285714285714285,0.8361943662490111,False
background_positive,LILRB5,3.098833577036574,4.1956203923426125,-1.0967868153060385,0.10606060606060606,-0.6,0.2509138073340408,False
background_positive,CD27,4.116951920658102,2.7708036804198124,1.3461482402382896,0.638888888888889,0.2,0.7927437641723356,False
background_positive,TNF,2.2627835052870178,4.0354065824034535,-1.7726230771164357,0.148989898989899,-0.5428571428571428,0.297979797979798,False
background_positive,BCL2L11,4.564560718027937,7.65459688742789,-3.090036169399953,0.01767676767676768,-0.8285714285714286,0.17381360777587193,False
background_positive,FYN,6.5929424427013235,8.1880573607374,-1.5951149180360762,0.148989898989899,-0.5428571428571428,0.297979797979798,False
background_positive,B3GAT1,-0.035079460311687544,0.20517610397932684,-0.24025556429101438,0.26767676767676774,-0.42857142857142855,0.4238215488215489,False
background_positive,PLA2G2E,-0.035079460311687544,0.20517610397932684,-0.24025556429101438,0.3434343434343435,-0.37142857142857144,0.522020202020202,False
background_positive,HLA-DRB3,9.911869259145838,10.70532617620364,-0.7934569170578012,0.20202020202020204,-0.4857142857142857,0.35809994993668465,False
background_positive,CD3E,3.823719503883815,3.2890806562956727,0.5346388475881425,1.0,0.02857142857142857,1.0,False
background_positive,PRF1,3.5229586907465027,4.701948386489366,-1.178989695742863,0.20202020202020204,-0.4857142857142857,0.35809994993668465,False
background_positive,BCL6,5.44964279761941,8.803510373716733,-3.353867576097323,0.010101010101010102,-0.8857142857142857,0.17381360777587193,False
background_positive,CD79A,5.204399786229141,1.7172558173729098,3.4871439688562313,0.4318181818181819,0.3142857142857143,0.6035527690700104,False
background_positive,PYCARD,2.8146192363758398,4.128759110755884,-1.3141398743800443,0.3434343434343435,-0.37142857142857144,0.522020202020202,False
background_positive,CYBB,6.264643739178488,7.792828485612278,-1.5281847464337899,0.20202020202020204,-0.4857142857142857,0.35809994993668465,False
background_positive,CD53,6.951082581267467,7.528552947654546,-0.5774703663870797,0.4318181818181819,-0.3142857142857143,0.6035527690700104,False
background_positive,CR1,4.116951920658102,6.386910096843988,-2.2699581761858862,0.07323232323232323,-0.6571428571428571,0.21933621933621933,False
background_positive,MBP,6.330099147047324,9.088971777258253,-2.758872630210929,0.01767676767676768,-0.8285714285714286,0.17381360777587193,False
background_positive,EOMES,-0.035079460311687544,0.06957952501049491,-0.10465898532218246,0.7550505050505051,-0.14285714285714285,0.8361943662490111,False
background_positive,MR1,3.380658849164725,3.928265245417732,-0.5476063962530069,0.148989898989899,-0.5428571428571428,0.297979797979798,False
background_positive,NOTCH1,6.881135927065213,8.94091387593328,-2.059777948868067,0.10606060606060606,-0.6,0.2509138073340408,False
background_positive,CAMP,-0.035079460311687544,0.06957952501049491,-0.10465898532218246,1.0,-0.02857142857142857,1.0,False
background_positive,JAK1,7.513464154037822,10.085721505826362,-2.572257351788539,0.07323232323232323,-0.6571428571428571,0.21933621933621933,False
background_positive,FCGR2B,5.151669090397738,6.0766549589584375,-0.9249858685606993,0.26767676767676774,-0.42857142857142855,0.4238215488215489,False
background_positive,BST1,4.563281723814805,7.112199091969175,-2.5489173681543695,0.07323232323232323,-0.6571428571428571,0.21933621933621933,False
background_positive,SPP1,13.660540907502583,14.39433032254619,-0.7337894150436082,0.26767676767676774,-0.42857142857142855,0.4238215488215489,False
background_positive,CD45RB,3.7492283485609104,4.383736143918155,-0.6345077953572442,0.5303030303030304,-0.2571428571428571,0.7009222661396576,False
background_positive,MARCO,2.8146192363758398,2.3489160561311344,0.46570318024470536,1.0,0.02857142857142857,1.0,False
background_positive,IL22RA2,-0.035079460311687544,0.06957952501049491,-0.10465898532218246,0.7550505050505051,-0.14285714285714285,0.8361943662490111,False
background_positive,SELL,5.790409501710102,4.9915226537768,0.7988868479333027,0.7550505050505051,0.14285714285714285,0.8361943662490111,False
background_positive,CD3D,4.474497715867048,4.203399051744585,0.2710986641224631,1.0,0.02857142857142857,1.0,False
background_positive,IL2RA,3.232936505516292,4.356550474919321,-1.1236139694030292,0.20202020202020204,-0.4857142857142857,0.35809994993668465,False
background_positive,TRAF1,5.042937939929639,6.299733654310702,-1.256795714381063,0.20202020202020204,-0.4857142857142857,0.35809994993668465,False
background_positive,STAT3,9.246736501215686,11.173993635295282,-1.9272571340795963,0.148989898989899,-0.5428571428571428,0.297979797979798,False
background_positive,FOXP3,0.24906068641882229,1.5439841939909265,-1.2949235075721042,0.5303030303030304,-0.2571428571428571,0.7009222661396576,False
background_positive,TLR7,1.41421892659722,1.6826032891316725,-0.2683843625344524,1.0,-0.02857142857142857,1.0,False
background_positive,ITGAM,4.707903654637255,6.106329328911781,-1.3984256742745265,0.26767676767676774,-0.42857142857142855,0.4238215488215489,False
background_positive,CR2,0.143802219005477,2.7708036804198124,-2.6270014614143355,0.148989898989899,-0.5428571428571428,0.297979797979798,False
background_positive,LY96,2.7379622168562188,4.626163405016198,-1.8882011881599796,0.10606060606060606,-0.6,0.2509138073340408,False
background_positive,CCL23,-0.035079460311687544,1.798434860110685,-1.8335143204223725,0.07323232323232323,-0.6571428571428571,0.21933621933621933,False
background_positive,IL11RA,3.6967835304093755,6.517731309386666,-2.8209477789772905,0.04797979797979798,-0.7142857142857143,0.19066481811579852,False
background_positive,TCF4,6.130392899189678,8.025605078435024,-1.8952121792453465,0.20202020202020204,-0.4857142857142857,0.35809994993668465,False
background_positive,IRGM,-0.035079460311687544,0.06957952501049491,-0.10465898532218246,0.7550505050505051,-0.14285714285714285,0.8361943662490111,False
background_positive,IL23R,0.143802219005477,0.20517610397932684,-0.06137388497384985,0.638888888888889,-0.2,0.7927437641723356,False
background_positive,IL1B,2.812483982233851,3.4086745841818176,-0.5961906019479666,0.8762626262626263,-0.08571428571428572,0.92655248133509,False
background_positive,RARRES3,7.9053795496489565,9.195923833209607,-1.2905442835606502,0.148989898989899,-0.5428571428571428,0.297979797979798,False
background_positive,C3,6.872384429049517,7.962523736754616,-1.0901393077050994,0.5303030303030304,-0.2571428571428571,0.7009222661396576,False
background_positive,CCR2,4.652996042070679,4.264505532403108,0.38849050966757126,0.4318181818181819,0.3142857142857143,0.6035527690700104,True
background_positive,KLRF2,-0.035079460311687544,0.06957952501049491,-0.10465898532218246,0.7550505050505051,-0.14285714285714285,0.8361943662490111,False
background_positive,IL13RA1,7.10083833689374,9.8981435190157,-2.7973051821219608,0.04797979797979798,-0.7142857142857143,0.19066481811579852,False
background_positive,IFNA1/13,0.143802219005477,0.06957952501049491,0.07422269399498208,0.7550505050505051,-0.14285714285714285,0.8361943662490111,False
background_positive,CCL20,4.201461941212299,4.223350304538775,-0.021888363326475258,1.0,0.02857142857142857,1.0,False
background_positive,FCAR,-0.035079460311687544,0.06957952501049491,-0.10465898532218246,0.7550505050505051,-0.14285714285714285,0.8361943662490111,False
background_positive,CHUK,5.817372055187295,8.913303917476892,-3.0959318622895964,0.01767676767676768,-0.8285714285714286,0.17381360777587193,False
background_positive,PRDM1,3.244801245363405,4.5740829283015145,-1.3292816829381096,0.07323232323232323,-0.6571428571428571,0.21933621933621933,False
background_positive,IFIH1,4.270754396226136,6.930273375267633,-2.659518979041497,0.148989898989899,-0.5428571428571428,0.297979797979798,False
background_positive,CASP10,-0.035079460311687544,1.2803718562875679,-1.3154513165992554,0.20202020202020204,-0.4857142857142857,0.35809994993668465,False
background_positive,LILRB1,4.452460533860633,4.117736348508255,0.33472418535237836,0.8762626262626263,-0.08571428571428572,0.92655248133509,False
background_positive,ZEB1,4.270754396226136,7.155530658061046,-2.8847762618349106,0.030303030303030304,-0.7714285714285715,0.17381360777587193,False
background_positive,IL8,3.7492283485609104,4.312119344314537,-0.5628909957536266,0.148989898989899,-0.5428571428571428,0.297979797979798,False
background_positive,ICAM5,-0.035079460311687544,0.06957952501049491,-0.10465898532218246,0.5303030303030304,-0.2571428571428571,0.7009222661396576,False
background_positive,IRAK4,5.1656966188504425,7.536899035472607,-2.3712024166221646,0.04797979797979798,-0.7142857142857143,0.19066481811579852,False
background_positive,CARD9,-0.035079460311687544,1.9556677263756275,-1.990747186687315,0.26767676767676774,-0.42857142857142855,0.4238215488215489,False
background_positive,TAP2,4.409728474259719,7.004032892306121,-2.594304418046402,0.148989898989899,-0.5428571428571428,0.297979797979798,False
background_positive,CTSS,7.533090447775257,8.82715580150167,-1.2940653537264124,0.20202020202020204,-0.4857142857142857,0.35809994993668465,False
background_positive,BST2,5.996562635803567,7.474932323299874,-1.4783696874963068,0.20202020202020204,-0.4857142857142857,0.35809994993668465,False
background_positive,SELE,0.24906068641882229,2.524189719508883,-2.2751290330900606,0.4318181818181819,-0.3142857142857143,0.6035527690700104,False
background_positive,STAT5B,6.4370528958040705,9.414538523658885,-2.977485627854815,0.030303030303030304,-0.7714285714285715,0.17381360777587193,False
background_positive,CD22,5.5730829776496,4.533408280093471,1.039674697556129,0.8762626262626263,0.08571428571428572,0.92655248133509,False
background_positive,CD81,9.718521568078568,12.867229724913946,-3.1487081568353776,0.10606060606060606,-0.6,0.2509138073340408,False
background_positive,SRC,7.1190948525675415,9.026232831686656,-1.9071379791191143,0.030303030303030304,-0.7714285714285715,0.17381360777587193,False
background_positive,PLAU,6.026224249799976,8.394903346797268,-2.3686790969972913,0.20202020202020204,-0.4857142857142857,0.35809994993668465,False
background_positive,FN1,8.016656472441573,9.987327385430044,-1.9706709129884707,0.04797979797979798,-0.7142857142857143,0.19066481811579852,False
background_positive,CSF3R,3.9160715943883386,5.138283876836663,-1.2222122824483246,0.148989898989899,-0.5428571428571428,0.297979797979798,False
background_positive,CCL2,7.112411699066329,8.16281242482734,-1.050400725761011,0.8762626262626263,-0.08571428571428572,0.92655248133509,False
background_positive,CTLA4_all,0.9934952504588339,1.1561739147581291,-0.16267866429929523,0.8762626262626263,0.08571428571428572,0.92655248133509,False
background_positive,SLAMF1,3.244801245363405,1.798434860110685,1.44636638525272,0.7550505050505051,0.14285714285714285,0.8361943662490111,False
background_positive,FADD,3.094807285130193,6.001296387934358,-2.9064891028041653,0.10606060606060606,-0.6,0.2509138073340408,False
background_positive,CASP3,3.394955039970654,6.8092428948494055,-3.4142878548787516,0.01767676767676768,-0.8285714285714286,0.17381360777587193,False
background_positive,CASP1,2.7258070714145797,5.2791435835196125,-2.553336512105033,0.148989898989899,-0.5428571428571428,0.297979797979798,False
background_positive,ICAM2,4.474497715867048,6.703514126423287,-2.2290164105562393,0.07323232323232323,-0.6571428571428571,0.21933621933621933,False
background_positive,CD8A,0.24906068641882229,3.436202100265829,-3.187141413847007,0.3434343434343435,-0.37142857142857144,0.522020202020202,False
background_positive,LILRB4,4.652996042070679,5.8671879864996415,-1.2141919444289622,0.26767676767676774,-0.42857142857142855,0.4238215488215489,False
background_positive,CD97,6.282841875743762,8.771924459114826,-2.489082583371064,0.148989898989899,-0.5428571428571428,0.297979797979798,False
background_positive,POS_C(8),10.050757793554443,9.991718402604162,0.059039390950280435,0.3434343434343435,0.37142857142857144,0.522020202020202,False
background_positive,POS_A(128),13.439225431669643,13.345014716145252,0.09421071552439031,0.20202020202020204,0.4857142857142857,0.35809994993668465,False
background_positive,POS_F(0.125),2.9273897719399034,3.3164366554419473,-0.38904688350204397,0.8762626262626263,-0.08571428571428572,0.92655248133509,False
background_positive,POS_D(2),7.938786166722332,7.85831916280582,0.08046700391651207,0.8762626262626263,0.08571428571428572,0.92655248133509,False
background_positive,POS_B(32),11.92880869761299,11.72151345887026,0.20729523874272893,0.07323232323232323,0.6571428571428571,0.21933621933621933,False
background_positive,POS_E(0.5),5.039173069525177,5.17033214302327,-0.1311590734980932,1.0,-0.02857142857142857,1.0,False
background_positive,NEG_C(0),-0.035079460311687544,0.06957952501049491,-0.10465898532218246,0.7550505050505051,-0.14285714285714285,0.8361943662490111,False
background_positive,NEG_D(0),-0.035079460311687544,0.06957952501049491,-0.10465898532218246,0.7550505050505051,-0.14285714285714285,0.8361943662490111,False
background_positive,NEG_E(0),-0.035079460311687544,0.06957952501049491,-0.10465898532218246,0.7550505050505051,-0.14285714285714285,0.8361943662490111,False
background_positive,NEG_A(0),-0.035079460311687544,0.06957952501049491,-0.10465898532218246,0.7550505050505051,-0.14285714285714285,0.8361943662490111,False
background_positive,NEG_H(0),-0.035079460311687544,0.06957952501049491,-0.10465898532218246,0.7550505050505051,-0.14285714285714285,0.8361943662490111,False
background_positive,NEG_G(0),-0.035079460311687544,0.06957952501049491,-0.10465898532218246,0.7550505050505051,-0.14285714285714285,0.8361943662490111,False
background_positive,NEG_F(0),-0.035079460311687544,0.06957952501049491,-0.10465898532218246,1.0,0.02857142857142857,1.0,False
background_positive,NEG_B(0),-0.035079460311687544,0.06957952501049491,-0.10465898532218246,0.7550505050505051,-0.14285714285714285,0.8361943662490111,False
background_positive,EEF1G,10.109295984483573,13.404853697219794,-3.295557712736221,0.01767676767676768,-0.8285714285714286,0.17381360777587193,False
background_positive,TUBB,7.548214909698546,10.203534366985943,-2.6553194572873977,0.07323232323232323,-0.6571428571428571,0.21933621933621933,False
background_positive,TBP,5.4170588450889525,8.287040339316812,-2.8699814942278596,0.04797979797979798,-0.7142857142857143,0.19066481811579852,False
background_positive,POLR2A,7.682947247830011,10.886769028698316,-3.2038217808683047,0.04797979797979798,-0.7142857142857143,0.19066481811579852,False
background_positive,GUSB,6.092077945520805,8.755176613829242,-2.663098668308437,0.04797979797979798,-0.7142857142857143,0.19066481811579852,False
background_positive,HPRT1,6.673833096488254,9.600084072675815,-2.9262509761875606,0.030303030303030304,-0.7714285714285715,0.17381360777587193,False
background_positive,GAPDH,11.031002221144949,14.002153344199233,-2.971151123054284,0.030303030303030304,-0.7714285714285715,0.17381360777587193,False
background_positive,SDHA,7.418094612162931,10.701951946038049,-3.283857333875118,0.01767676767676768,-0.8285714285714286,0.17381360777587193,False
background_positive,OAZ1,9.213137506665056,11.963838123304445,-2.7507006166393886,0.030303030303030304,-0.7714285714285715,0.17381360777587193,False
background_positive,PPIA,5.915318917708063,8.449759748624409,-2.5344408309163455,0.07323232323232323,-0.6571428571428571,0.21933621933621933,False
background_positive,G6PD,6.096996522134524,8.18856331842779,-2.0915667962932654,0.07323232323232323,-0.6571428571428571,0.21933621933621933,False
background_positive,RPL19,12.050440891082987,14.233868470943976,-2.1834275798609895,0.07323232323232323,-0.6571428571428571,0.21933621933621933,False
background_positive,POLR1B,4.452460533860633,7.24225089092222,-2.7897903570615865,0.10606060606060606,-0.6,0.2509138073340408,False
background_positive,ABCF1,6.130392899189678,9.148530650068599,-3.018137750878921,0.030303030303030304,-0.7714285714285715,0.17381360777587193,False
background_positive,ALAS1,6.181660317593299,8.877626476570605,-2.6959661589773054,0.030303030303030304,-0.7714285714285715,0.17381360777587193,False
background_positive_housekeeping,VTN,2.122847836454847,2.843572432407978,-0.720724595953131,0.04797979797979798,-0.7142857142857143,0.13825458375221408,False
background_positive_housekeeping,HLA-DQB1,7.777467544545892,6.196810193535018,1.5806573510108732,0.3434343434343435,0.37142857142857144,0.4745638200183655,False
background_positive_housekeeping,KIT,5.657806614045766,5.629773244184762,0.0280333698610038,0.4318181818181819,0.3142857142857143,0.5658307210031348,False
background_positive_housekeeping,LAG3,1.7161062596973764,1.2566867807223197,0.45941947897505675,0.5303030303030304,0.2571428571428571,0.6620620994337628,False
background_positive_housekeeping,SOCS3,7.156282825244338,5.63328434172085,1.5229984835234882,0.10606060606060606,0.6,0.22626262626262625,False
background_positive_housekeeping,TCF7,6.295282958407704,3.934839328340281,2.3604436300674227,0.01767676767676768,0.8285714285714286,0.09595959595959598,False
background_positive_housekeeping,IKBKB,7.612258403066805,7.280519156644288,0.33173924642251684,0.005050505050505051,0.9428571428571428,0.09595959595959598,False
background_positive_housekeeping,KLRC2,1.997440423958748,1.9882822787724421,0.009158145186305866,1.0,-0.02857142857142857,1.0,False
background_positive_housekeeping,ITGA6,8.229512032347033,8.298007460720243,-0.06849542837320932,0.20202020202020204,-0.4857142857142857,0.33651584336515844,False
background_positive_housekeeping,CXCR4,6.925614209136089,6.288027811626311,0.6375863975097786,0.148989898989899,0.5428571428571428,0.27533695618802007,False
background_positive_housekeeping,NFKBIZ,8.292787746167361,6.642361609837067,1.6504261363302941,0.030303030303030304,0.7714285714285715,0.11660912926735713,False
background_positive_housekeeping,ATG5,6.504842798344729,6.94393093437973,-0.43908813603500096,0.20202020202020204,-0.4857142857142857,0.33651584336515844,False
background_positive_housekeeping,MAPK14,8.225713190578219,8.121826169801801,0.10388702077641732,0.3434343434343435,0.37142857142857144,0.4745638200183655,False
background_positive_housekeeping,IL32,13.141834194202604,10.62641408509984,2.515420109102763,0.04797979797979798,0.7142857142857143,0.13825458375221408,False
background_positive_housekeeping,CFB,8.488602243432391,7.219081086850263,1.2695211565821278,0.030303030303030304,0.7714285714285715,0.11660912926735713,True
background_positive_housekeeping,CXCL1,5.813386326694934,4.301376194476367,1.5120101322185668,0.04797979797979798,0.7142857142857143,0.13825458375221408,False
background_positive_housekeeping,CEACAM1,5.970604585190711,5.952886363307059,0.01771822188365224,0.3434343434343435,0.37142857142857144,0.4745638200183655,False
background_positive_housekeeping,C8A,1.1329010211831465,-1.2193130697181438,2.35221409090129,0.030303030303030304,0.7714285714285715,0.11660912926735713,False
background_positive_housekeeping,CFP,2.612395959186594,1.984669890831086,0.6277260683555079,0.5303030303030304,0.2571428571428571,0.6620620994337628,False
background_positive_housekeeping,LILRA5,2.741354841990808,0.9334251928961868,1.8079296490946213,0.10606060606060606,0.6,0.22626262626262625,False
background_positive_housekeeping,IL10RA,7.3066611253536555,5.563691475587771,1.7429696497658842,0.005050505050505051,0.9428571428571428,0.09595959595959598,False
background_positive_housekeeping,IL17A,1.1329010211831465,-1.6335135557715017,2.766414576954648,0.01767676767676768,0.8285714285714286,0.09595959595959598,False
background_positive_housekeeping,TP53,7.978004947974813,7.332334188787671,0.6456707591871416,0.030303030303030304,0.7714285714285715,0.11660912926735713,False
background_positive_housekeeping,MAPK1,8.937392684390836,8.993714540622303,-0.05632185623146668,0.638888888888889,-0.2,0.7484478698351531,False
background_positive_housekeeping,CCRL2,3.9574271515676607,3.5839297131286028,0.3734974384390579,0.638888888888889,0.2,0.7484478698351531,False
background_positive_housekeeping,BTK,3.832947729020136,2.0966774514625217,1.7362702775576144,0.10606060606060606,0.6,0.22626262626262625,False
background_positive_housekeeping,KLRK1,4.418890025609314,3.7032403524150252,0.7156496731942887,0.26767676767676774,0.42857142857142855,0.40085584913171124,False
background_positive_housekeeping,TICAM1,7.394790484164818,6.951785731752913,0.4430047524119054,0.04797979797979798,0.7142857142857143,0.13825458375221408,False
background_positive_housekeeping,CMKLR1,6.6890008015784,5.834656799217353,0.8543440023610476,0.01767676767676768,0.8285714285714286,0.09595959595959598,False
background_positive_housekeeping,ARG1,1.1329010211831465,-1.6335135557715017,2.766414576954648,0.10606060606060606,0.6,0.22626262626262625,False
background_positive_housekeeping,IDO1,3.34389363082144,2.0832173682599557,1.2606762625614842,0.148989898989899,0.5428571428571428,0.27533695618802007,False
background_positive_housekeeping,IL17B,1.1329010211831465,-0.30172104281680623,1.4346220639999527,0.030303030303030304,0.7714285714285715,0.11660912926735713,False
background_positive_housekeeping,TNFRSF13C,4.090417225043452,1.6683703131070204,2.422046911936431,0.148989898989899,0.5428571428571428,0.27533695618802007,False
background_positive_housekeeping,CD6,3.3729149664208684,1.620038626401146,1.7528763400197225,0.10606060606060606,0.6,0.22626262626262625,False
background_positive_housekeeping,CTSG,1.366285797799006,0.21912558110347705,1.1471602166955288,0.148989898989899,0.5428571428571428,0.27533695618802007,False
background_positive_housekeeping,BAX,7.861491611109546,7.67322839673111,0.18826321437843596,0.148989898989899,0.5428571428571428,0.27533695618802007,False
background_positive_housekeeping,KIR_Inhibiting_Subgroup_1,1.1329010211831465,-1.6335135557715017,2.766414576954648,0.01767676767676768,0.8285714285714286,0.09595959595959598,False
background_positive_housekeeping,NOTCH2,8.503869555040273,8.18733944958952,0.31653010545075233,0.4318181818181819,0.3142857142857143,0.5658307210031348,False
background_positive_housekeeping,TNFRSF4,1.1329010211831465,-0.3417386265687868,1.4746396477519332,0.04797979797979798,0.7142857142857143,0.13825458375221408,False
background_positive_housekeeping,TGFBR1,7.441565479805096,7.5313006074188165,-0.0897351276137206,1.0,-0.02857142857142857,1.0,False
background_positive_housekeeping,C7,11.844707297997589,11.483943870320404,0.3607634276771847,0.148989898989899,0.5428571428571428,0.27533695618802007,False
background_positive_housekeeping,CD40,5.936402574282137,5.288575677539015,0.6478268967431218,0.20202020202020204,0.4857142857142857,0.33651584336515844,False
background_positive_housekeeping,CCL15,6.135119653386259,6.320117658159415,-0.18499800477315542,0.4318181818181819,-0.3142857142857143,0.5658307210031348,False
background_positive_housekeeping,ICAM3,6.985627053397506,6.534559333387426,0.4510677200100801,0.3434343434343435,0.37142857142857144,0.4745638200183655,False
background_positive_housekeeping,SKI,8.510881189472746,8.121900693274668,0.3889804961980783,0.3434343434343435,0.37142857142857144,0.4745638200183655,False
background_positive_housekeeping,ATG10,4.676344585942431,5.092370614581704,-0.41602602863927274,0.7550505050505051,-0.14285714285714285,0.8331591779867642,False
background_positive_housekeeping,C4BPA,1.1329010211831465,-1.6335135557715017,2.766414576954648,0.01767676767676768,0.8285714285714286,0.09595959595959598,False
background_positive_housekeeping,C8G,1.366285797799006,2.7149963419485545,-1.3487105441495486,0.638888888888889,-0.2,0.7484478698351531,False
background_positive_housekeeping,ABL1,7.441565479805096,7.435993487633593,0.0055719921715029486,1.0,-0.02857142857142857,1.0,False
background_positive_housekeeping,IL1RL1,6.296938815683811,6.81145319511502,-0.5145143794312093,0.20202020202020204,-0.4857142857142857,0.33651584336515844,False
background_positive_housekeeping,PDCD1,2.122847836454847,0.9334251928961868,1.1894226435586601,0.148989898989899,0.5428571428571428,0.27533695618802007,False
background_positive_housekeeping,CTNNB1,10.16078342351587,10.099633575772584,0.06114984774328569,0.638888888888889,0.2,0.7484478698351531,False
background_positive_housekeeping,MAP4K2,6.535659981606244,6.356708824108955,0.17895115749728951,0.26767676767676774,0.42857142857142855,0.40085584913171124,False
background_positive_housekeeping,RELA,6.114900900485768,6.029814921937986,0.08508597854778177,0.5303030303030304,0.2571428571428571,0.6620620994337628,False
background_positive_housekeeping,CCL22,1.1329010211831465,0.21912558110347705,0.9137754400796695,0.3434343434343435,0.37142857142857144,0.4745638200183655,False
background_positive_housekeeping,IKBKE,6.467744207741225,5.23604645926686,1.2316977484743648,0.01767676767676768,0.8285714285714286,0.09595959595959598,False
background_positive_housekeeping,AICDA,1.1329010211831465,-0.3417386265687868,1.4746396477519332,0.030303030303030304,0.7714285714285715,0.11660912926735713,False
background_positive_housekeeping,THY1,9.94684009453617,9.851821385742157,0.0950187087940133,0.8762626262626263,0.08571428571428572,0.9233408609491799,False
background_positive_housekeeping,LIF,7.064265421469772,5.291260823442835,1.7730045980269367,0.005050505050505051,0.9428571428571428,0.09595959595959598,False
background_positive_housekeeping,MRC1,7.419012175764563,7.5888452402215485,-0.1698330644569852,0.4318181818181819,-0.3142857142857143,0.5658307210031348,False
background_positive_housekeeping,CD40LG,3.6003049053355505,0.25449228648491445,3.345812618850636,0.04797979797979798,0.7142857142857143,0.13825458375221408,False
background_positive_housekeeping,MALT1,7.0292536425566166,6.972213258671739,0.05704038388487742,1.0,-0.02857142857142857,1.0,False
background_positive_housekeeping,IL1RN,1.4268253981034018,0.7645274526086459,0.662297945494756,0.8762626262626263,0.08571428571428572,0.9233408609491799,False
background_positive_housekeeping,CXCL9,5.528597856605887,3.025889850690357,2.50270800591553,0.04797979797979798,0.7142857142857143,0.13825458375221408,False
background_positive_housekeeping,HFE,3.125780107984164,3.9141564890864724,-0.7883763811023083,0.26767676767676774,-0.42857142857142855,0.40085584913171124,False
background_positive_housekeeping,CCL7,1.1329010211831465,-1.6335135557715017,2.766414576954648,0.01767676767676768,0.8285714285714286,0.09595959595959598,False
background_positive_housekeeping,ZAP70,5.632902541358983,4.269937868583322,1.3629646727756608,0.0025252525252525255,1.0,0.09595959595959598,False
background_positive_housekeeping,IL2RG,5.920933944213733,4.521727066976494,1.3992068772372388,0.148989898989899,0.5428571428571428,0.27533695618802007,False
background_positive_housekeeping,MAPKAPK2,6.496633988846576,6.3513587829636595,0.14527520588291676,0.3434343434343435,0.37142857142857144,0.4745638200183655,False
background_positive_housekeeping,PTGS2,3.1505552739396983,4.183480197068667,-1.0329249231289683,0.030303030303030304,-0.7714285714285715,0.11660912926735713,False
background_positive_housekeeping,IKZF1,3.161062715990214,1.979874177266508,1.181188538723706,0.10606060606060606,0.6,0.22626262626262625,False
background_positive_housekeeping,LEF1,5.697080931457704,4.834238745056442,0.8628421864012612,0.20202020202020204,0.4857142857142857,0.33651584336515844,False
background_positive_housekeeping,MUC1,9.090583625340182,9.301717824595572,-0.21113419925539034,1.0,-0.02857142857142857,1.0,False
background_positive_housekeeping,C9,2.1679961007456496,2.5115025977615453,-0.34350649701589564,0.638888888888889,-0.2,0.7484478698351531,False
background_positive_housekeeping,PSMC2,8.17874599975724,8.341354683069394,-0.16260868331215406,0.10606060606060606,-0.6,0.22626262626262625,False
background_positive_housekeeping,IL4R,7.46636140762169,6.934647546933346,0.5317138606883445,0.07323232323232323,0.6571428571428571,0.18099696148476638,False
background_positive_housekeeping,TAL1,2.868714919252239,3.9562414859914496,-1.0875265667392107,0.20202020202020204,-0.4857142857142857,0.33651584336515844,False
background_positive_housekeeping,IL28A,1.4268253981034018,-0.25238810897781966,1.6792135070812215,0.10606060606060606,0.6,0.22626262626262625,False
background_positive_housekeeping,LTF,10.118883091121875,7.435992252465398,2.682890838656477,0.04797979797979798,0.7142857142857143,0.13825458375221408,False
background_positive_housekeeping,CD36,6.049767911864939,6.863423564564108,-0.8136556526991692,0.3434343434343435,-0.37142857142857144,0.4745638200183655,False
background_positive_housekeeping,CCL26,2.2571832469525406,3.204457982238111,-0.9472747352855704,0.7550505050505051,-0.14285714285714285,0.8331591779867642,False
background_positive_housekeeping,MYD88,7.6917676396709815,6.916735171125174,0.7750324685458079,0.5303030303030304,0.2571428571428571,0.6620620994337628,False
background_positive_housekeeping,STAT4,4.911760341341504,3.130115637883487,1.7816447034580167,0.04797979797979798,0.7142857142857143,0.13825458375221408,False
background_positive_housekeeping,RAG2,1.1329010211831465,-1.6335135557715017,2.766414576954648,0.01767676767676768,0.8285714285714286,0.09595959595959598,False
background_positive_housekeeping,NT5E,7.946903847547526,7.816194040352416,0.13070980719511027,0.7550505050505051,0.14285714285714285,0.8331591779867642,False
background_positive_housekeeping,HLA-DPB1,10.19906774404581,8.756890224758815,1.4421775192869948,0.01767676767676768,0.8285714285714286,0.09595959595959598,False
background_positive_housekeeping,SELPLG,1.4268253981034018,1.9081988633258269,-0.4813734652224251,0.5303030303030304,-0.2571428571428571,0.6620620994337628,False
background_positive_housekeeping,AIRE,2.122847836454847,0.21912558110347705,1.9037222553513697,0.01767676767676768,0.8285714285714286,0.09595959595959598,False
background_positive_housekeeping,CCR10,1.4268253981034018,0.07616070131411562,1.3506646967892861,0.01767676767676768,0.8285714285714286,0.09595959595959598,False
background_positive_housekeeping,CCR5,4.911760341341504,3.1095922858033456,1.802168055538158,0.010101010101010102,0.8857142857142857,0.09595959595959598,False
background_positive_housekeeping,KLRC1,1.1329010211831465,0.9914006069487598,0.14150041423438675,0.26767676767676774,0.42857142857142855,0.40085584913171124,False
background_positive_housekeeping,PLA2G2A,1.1329010211831465,2.9069396641353866,-1.7740386429522401,0.20202020202020204,-0.4857142857142857,0.33651584336515844,False
background_positive_housekeeping,KIR3DL3,1.1329010211831465,-1.6335135557715017,2.766414576954648,0.01767676767676768,0.8285714285714286,0.09595959595959598,False
background_positive_housekeeping,CXCR1,1.1329010211831465,-0.3417386265687868,1.4746396477519332,0.148989898989899,0.5428571428571428,0.27533695618802007,False
background_positive_housekeeping,TMEM173,7.653665158548472,7.018781884710332,0.63488327383814,0.07323232323232323,0.6571428571428571,0.18099696148476638,False
background_positive_housekeeping,TNFSF12,7.79800308723048,7.47832860016798,0.31967448706250057,0.10606060606060606,0.6,0.22626262626262625,False
background_positive_housekeeping,PSMB5,7.681792319554351,8.120155940748296,-0.438363621193945,0.20202020202020204,-0.4857142857142857,0.33651584336515844,False
background_positive_housekeeping,CD3EAP,4.911760341341504,4.321465666590928,0.5902946747505755,0.10606060606060606,0.6,0.22626262626262625,False
background_positive_housekeeping,EDNRB,7.832445575394735,7.958168196209697,-0.12572262081496177,1.0,-0.02857142857142857,1.0,False
background_positive_housekeeping,CDH5,6.915551990294795,6.877636409064596,0.037915581230199,0.8762626262626263,0.08571428571428572,0.9233408609491799,False
background_positive_housekeeping,ITLN2,1.1329010211831465,-1.6335135557715017,2.766414576954648,0.01767676767676768,0.8285714285714286,0.09595959595959598,False
background_positive_housekeeping,PSMB7,8.764698145406113,9.337119886805764,-0.5724217413996513,0.030303030303030304,-0.7714285714285715,0.11660912926735713,False
background_positive_housekeeping,CD1A,1.4268253981034018,-0.3417386265687868,1.7685640246721885,0.148989898989899,0.5428571428571428,0.27533695618802007,False
background_positive_housekeeping,CD45RA,3.161062715990214,0.14466012275342005,3.016402593236794,0.030303030303030304,0.7714285714285715,0.11660912926735713,False
background_positive_housekeeping,CISH,7.025456240433763,5.991029286046713,1.0344269543870501,0.10606060606060606,0.6,0.22626262626262625,False
background_positive_housekeeping,FAS,3.9574271515676607,3.1877308011089593,0.7696963504587013,0.638888888888889,0.2,0.7484478698351531,False
background_positive_housekeeping,IRF3,5.106723655552316,5.016802740110774,0.08992091544154235,0.7550505050505051,0.14285714285714285,0.8331591779867642,False
background_positive_housekeeping,IFNG,1.1329010211831465,-1.6335135557715017,2.766414576954648,0.01767676767676768,0.8285714285714286,0.09595959595959598,False
background_positive_housekeeping,NFKB1,5.685601553018001,5.232203624639153,0.4533979283788483,0.8762626262626263,0.08571428571428572,0.9233408609491799,False
background_positive_housekeeping,MAP4K4,8.318950768284001,7.79507105100911,0.523879717274891,0.20202020202020204,0.4857142857142857,0.33651584336515844,False
background_positive_housekeeping,LITAF,9.185650350435775,8.897893455293225,0.2877568951425502,0.04797979797979798,0.7142857142857143,0.13825458375221408,False
background_positive_housekeeping,KLRD1,1.1329010211831465,0.021958797208552476,1.110942223974594,0.3434343434343435,0.37142857142857144,0.4745638200183655,False
background_positive_housekeeping,CCR8,1.1329010211831465,-1.2193130697181438,2.35221409090129,0.030303030303030304,0.7714285714285715,0.11660912926735713,False
background_positive_housekeeping,IL19,1.1329010211831465,-1.6335135557715017,2.766414576954648,0.01767676767676768,0.8285714285714286,0.09595959595959598,False
background_positive_housekeeping,CFH,8.700883188396034,8.375294416682276,0.32558877171375755,0.4318181818181819,0.3142857142857143,0.5658307210031348,False
background_positive_housekeeping,IL18RAP,2.119894661296063,1.979874177266508,0.14002048402955514,0.8762626262626263,0.08571428571428572,0.9233408609491799,False
background_positive_housekeeping,CLEC4A,5.042102602919279,4.6932910664931455,0.3488115364261333,0.638888888888889,0.2,0.7484478698351531,False
background_positive_housekeeping,KLRF1,2.2571832469525406,2.5392592665805025,-0.2820760196279619,0.5303030303030304,-0.2571428571428571,0.6620620994337628,False
background_positive_housekeeping,EBI3,1.1533821882409832,-0.1258949857829005,1.2792771740238837,0.030303030303030304,0.7714285714285715,0.11660912926735713,False
background_positive_housekeeping,BCL2,7.914906506965385,7.060100925082134,0.8548055818832507,0.0025252525252525255,1.0,0.09595959595959598,True
background_positive_housekeeping,HLA-DQA1,8.861156582337884,6.982292996531965,1.8788635858059193,0.3434343434343435,0.37142857142857144,0.4745638200183655,False
background_positive_housekeeping,IL4,1.1329010211831465,-1.6335135557715017,2.766414576954648,0.01767676767676768,0.8285714285714286,0.09595959595959598,False
background_positive_housekeeping,CD70,1.1329010211831465,-0.3417386265687868,1.4746396477519332,0.07323232323232323,0.6571428571428571,0.18099696148476638,False
background_positive_housekeeping,CXCL10,3.902844895426706,2.3907058998449933,1.5121389955817128,0.26767676767676774,0.42857142857142855,0.40085584913171124,False
background_positive_housekeeping,SMAD3,8.45089642658009,7.9849300551728275,0.46596637140726305,0.07323232323232323,0.6571428571428571,0.18099696148476638,False
background_positive_housekeeping,NFATC2,6.778115590976848,6.261505196595395,0.5166103943814528,0.01767676767676768,0.8285714285714286,0.09595959595959598,False
background_positive_housekeeping,ITGA2B,1.997440423958748,2.6348362161123746,-0.6373957921536266,0.7550505050505051,-0.14285714285714285,0.8331591779867642,False
background_positive_housekeeping,PIGR,10.829364528816045,10.396480990019898,0.4328835387961476,0.20202020202020204,0.4857142857142857,0.33651584336515844,False
background_positive_housekeeping,CCL16,1.4268253981034018,2.707822521445055,-1.280997123341653,0.20202020202020204,-0.4857142857142857,0.33651584336515844,False
background_positive_housekeeping,CCL8,2.232763429414875,1.3103179808630478,0.9224454485518272,0.26767676767676774,0.42857142857142855,0.40085584913171124,False
background_positive_housekeeping,EGR1,5.578856779073191,4.490693022738257,1.088163756334934,0.26767676767676774,0.42857142857142855,0.40085584913171124,False
background_positive_housekeeping,XCR1,3.6832704044615885,0.3876515700162197,3.295618834445369,0.10606060606060606,0.6,0.22626262626262625,False
background_positive_housekeeping,NCR1,1.1329010211831465,-1.2193130697181438,2.35221409090129,0.030303030303030304,0.7714285714285715,0.11660912926735713,False
background_positive_housekeeping,ICOSLG,7.404957190494783,7.042051639185912,0.36290555130887103,0.20202020202020204,0.4857142857142857,0.33651584336515844,False
background_positive_housekeeping,CSF2,1.1329010211831465,-1.6335135557715017,2.766414576954648,0.07323232323232323,0.6571428571428571,0.18099696148476638,False
background_positive_housekeeping,ATG16L1,6.526909139788512,6.539062271403866,-0.012153131615353807,1.0,-0.02857142857142857,1.0,False
background_positive_housekeeping,KIR_Inhibiting_Subgroup_2,1.1329010211831465,-1.6335135557715017,2.766414576954648,0.01767676767676768,0.8285714285714286,0.09595959595959598,False
background_positive_housekeeping,IL20,1.1329010211831465,-0.3417386265687868,1.4746396477519332,0.148989898989899,0.5428571428571428,0.27533695618802007,False
background_positive_housekeeping,TRAF5,5.685601553018001,5.318323602615237,0.3672779504027641,0.3434343434343435,0.37142857142857144,0.4745638200183655,False
background_positive_housekeeping,CCND3,7.034987836064689,7.206882049876338,-0.17189421381164927,0.7550505050505051,-0.14285714285714285,0.8331591779867642,False
background_positive_housekeeping,CD9,8.368373236817222,8.977761080687863,-0.6093878438706408,0.26767676767676774,-0.42857142857142855,0.40085584913171124,False
background_positive_housekeeping,PSMB8,8.791206331066862,8.049740206334462,0.7414661247323995,0.010101010101010102,0.8857142857142857,0.09595959595959598,False
background_positive_housekeeping,TIRAP,4.110748109391173,4.205751325155675,-0.09500321576450244,1.0,-0.02857142857142857,1.0,False
background_positive_housekeeping,GFI1,3.4689697587877113,2.4334638263221895,1.0355059324655218,0.148989898989899,0.5428571428571428,0.27533695618802007,False
background_positive_housekeeping,CLEC5A,1.7161062596973764,1.645369378479616,0.07073688121776045,0.5303030303030304,0.2571428571428571,0.6620620994337628,False
background_positive_housekeeping,TLR5,4.52200300835356,4.593401463493081,-0.07139845513952103,1.0,-0.02857142857142857,1.0,False
background_positive_housekeeping,IRAK2,4.560738435451664,4.346842389379688,0.21389604607197565,0.638888888888889,0.2,0.7484478698351531,False
background_positive_housekeeping,CD74,13.243720300226228,12.124166969907606,1.119553330318622,0.005050505050505051,0.9428571428571428,0.09595959595959598,False
background_positive_housekeeping,TIGIT,3.217012911002504,1.7904332006263264,1.4265797103761777,0.10606060606060606,0.6,0.22626262626262625,False
background_positive_housekeeping,ITGAX,7.2214083496710515,5.413143255537376,1.8082650941336755,0.04797979797979798,0.7142857142857143,0.13825458375221408,False
background_positive_housekeeping,CD45R0,7.792755781758154,6.089480242767475,1.7032755389906793,0.010101010101010102,0.8857142857142857,0.09595959595959598,False
background_positive_housekeeping,CXCL11,2.122847836454847,0.9334251928961868,1.1894226435586601,0.4318181818181819,0.3142857142857143,0.5658307210031348,False
background_positive_housekeeping,ITGAL,6.186609275006446,4.036031367745361,2.150577907261085,0.01767676767676768,0.8285714285714286,0.09595959595959598,True
background_positive_housekeeping,ENTPD1,5.324479968712171,4.218098234028262,1.106381734683909,0.10606060606060606,0.6,0.22626262626262625,False
background_positive_housekeeping,B2M,12.975939048096043,12.663491864310702,0.3124471837853413,0.26767676767676774,0.42857142857142855,0.40085584913171124,False
background_positive_housekeeping,TOLLIP,8.482065004355357,8.65137340008339,-0.16930839572803258,0.148989898989899,-0.5428571428571428,0.27533695618802007,False
background_positive_housekeeping,IL1R2,2.1679961007456496,4.218098234028262,-2.0501021332826124,0.07323232323232323,-0.6571428571428571,0.18099696148476638,False
background_positive_housekeeping,MX1,8.425003932448393,7.425072121999842,0.9999318104485502,0.07323232323232323,0.6571428571428571,0.18099696148476638,False
background_positive_housekeeping,IRF4,5.431891035714834,3.3951093286179335,2.0367817070969005,0.20202020202020204,0.4857142857142857,0.33651584336515844,False
background_positive_housekeeping,TBX21,2.4350309534483037,2.416873101748659,0.018157851699644567,0.8762626262626263,0.08571428571428572,0.9233408609491799,False
background_positive_housekeeping,IFNAR2,7.995434471837621,7.10905509715675,0.886379374680871,0.0025252525252525255,1.0,0.09595959595959598,False
background_positive_housekeeping,TLR4,7.067132299761774,6.564770372822961,0.5023619269388124,0.10606060606060606,0.6,0.22626262626262625,False
background_positive_housekeeping,HLA-DRB1,5.458377291729021,5.21472251044872,0.24365478128030116,0.4318181818181819,0.3142857142857143,0.5658307210031348,False
background_positive_housekeeping,PML,8.574316557481419,7.747702264101182,0.8266142933802367,0.0025252525252525255,1.0,0.09595959595959598,False
background_positive_housekeeping,C1S,9.692572291549181,8.470908902204927,1.2216633893442541,0.20202020202020204,0.4857142857142857,0.33651584336515844,False
background_positive_housekeeping,BATF3,4.560738435451664,4.036031367745361,0.524707067706303,0.7550505050505051,0.14285714285714285,0.8331591779867642,False
background_positive_housekeeping,CD80,1.4268253981034018,1.5214317927736698,-0.09460639467026799,1.0,0.02857142857142857,1.0,False
background_positive_housekeeping,KIR_Activating_Subgroup_1,1.1329010211831465,-0.6439579896060176,1.7768590107891642,0.07323232323232323,0.6571428571428571,0.18099696148476638,False
background_positive_housekeeping,PECAM1,8.805674609595188,9.096296462797815,-0.29062185320262657,0.8762626262626263,-0.08571428571428572,0.9233408609491799,False
background_positive_housekeeping,NFKB2,7.90187338489555,6.7457343124533615,1.1561390724421887,0.030303030303030304,0.7714285714285715,0.11660912926735713,False
background_positive_housekeeping,IRF7,6.216875486633539,5.291260823442835,0.9256146631907036,0.01767676767676768,0.8285714285714286,0.09595959595959598,False
background_positive_housekeeping,IFNGR1,8.765420702799466,8.675133629364957,0.09028707343450826,0.26767676767676774,0.42857142857142855,0.40085584913171124,False
background_positive_housekeeping,DUSP4,1.4268253981034018,3.246601397179794,-1.8197759990763922,0.3434343434343435,-0.37142857142857144,0.4745638200183655,False
background_positive_housekeeping,HLA-A,10.944185174359877,10.188726332301654,0.7554588420582231,0.010101010101010102,0.8857142857142857,0.09595959595959598,False
background_positive_housekeeping,STAT5A,6.010729160063637,5.954380234997084,0.05634892506655387,1.0,0.02857142857142857,1.0,False
background_positive_housekeeping,HLA-DMB,7.013541645019101,6.3620317536314595,0.6515098913876418,0.01767676767676768,0.8285714285714286,0.09595959595959598,False
background_positive_housekeeping,IL12B,1.4268253981034018,-0.3417386265687868,1.7685640246721885,0.030303030303030304,0.7714285714285715,0.11660912926735713,False
background_positive_housekeeping,PSMB10,7.148693628370734,6.370537517835739,0.7781561105349946,0.0025252525252525255,1.0,0.09595959595959598,True
background_positive_housekeeping,PTAFR,5.697080931457704,4.1297170657418105,1.567363865715893,0.07323232323232323,0.6571428571428571,0.18099696148476638,False
background_positive_housekeeping,STAT6,10.136497772118776,9.756012925128262,0.3804848469905142,0.01767676767676768,0.8285714285714286,0.09595959595959598,False
background_positive_housekeeping,CD83,5.871633332674809,6.516592134402622,-0.644958801727813,0.5303030303030304,-0.2571428571428571,0.6620620994337628,False
background_positive_housekeeping,ATG12,1.4268253981034018,2.9546823446520256,-1.5278569465486238,0.8762626262626263,0.08571428571428572,0.9233408609491799,False
background_positive_housekeeping,EGR2,2.122847836454847,0.46101630351495015,1.6618315329398967,0.07323232323232323,0.6571428571428571,0.18099696148476638,False
background_positive_housekeeping,ITLN1,1.1329010211831465,1.4145254716530915,-0.281624450469945,0.638888888888889,-0.2,0.7484478698351531,False
background_positive_housekeeping,IL1RL2,3.4689697587877113,3.3357134972501994,0.1332562615375119,1.0,-0.02857142857142857,1.0,False
background_positive_housekeeping,IRF8,6.702455608694537,4.65479994310985,2.0476556655846867,0.010101010101010102,0.8857142857142857,0.09595959595959598,False
background_positive_housekeeping,NCF4,4.978332378424204,4.4663618372223945,0.5119705412018094,0.26767676767676774,0.42857142857142855,0.40085584913171124,False
background_positive_housekeeping,NFATC1,4.77283210016598,5.108632538707827,-0.33580043854184716,1.0,0.02857142857142857,1.0,False
background_positive_housekeeping,KLRC3,1.1329010211831465,-1.4600746016008832,2.5929756227840297,0.030303030303030304,0.7714285714285715,0.11660912926735713,False
background_positive_housekeeping,CD86,3.533321185905125,2.3278307128911107,1.2054904730140144,0.10606060606060606,0.6,0.22626262626262625,False
background_positive_housekeeping,CD1D,4.289558329060402,2.9842415481244497,1.3053167809359518,0.638888888888889,0.2,0.7484478698351531,False
background_positive_housekeeping,CXCL2,5.161762819486925,5.051544609914985,0.11021820957193995,0.8762626262626263,0.08571428571428572,0.9233408609491799,False
background_positive_housekeeping,XBP1,9.013674214599087,8.369164648167864,0.644509566431223,0.030303030303030304,0.7714285714285715,0.11660912926735713,False
background_positive_housekeeping,CD209,3.9365632578125953,2.8991149808882115,1.0374482769243838,0.10606060606060606,0.6,0.22626262626262625,False
background_positive_housekeeping,TNFRSF9,1.1329010211831465,-0.6439579896060176,1.7768590107891642,0.030303030303030304,0.7714285714285715,0.11660912926735713,False
background_positive_housekeeping,GBP5,3.3444963508388192,1.3654369428459656,1.9790594079928536,0.20202020202020204,0.4857142857142857,0.33651584336515844,False
background_positive_housekeeping,TNFSF11,1.1329010211831465,-1.6335135557715017,2.766414576954648,0.01767676767676768,0.8285714285714286,0.09595959595959598,False
background_positive_housekeeping,LCK,4.365790071391944,2.201487790567533,2.1643022808244115,0.148989898989899,0.5428571428571428,0.27533695618802007,False
background_positive_housekeeping,CXCL13,1.1329010211831465,-1.2193130697181438,2.35221409090129,0.030303030303030304,0.7714285714285715,0.11660912926735713,False
background_positive_housekeeping,CTLA4-TM,1.1329010211831465,-1.6335135557715017,2.766414576954648,0.01767676767676768,0.8285714285714286,0.09595959595959598,False
background_positive_housekeeping,IL26,1.1329010211831465,-0.3017716855327375,1.434672706715884,0.04797979797979798,0.7142857142857143,0.13825458375221408,False
background_positive_housekeeping,BCL3,7.7641362367956495,6.239202854737589,1.5249333820580606,0.04797979797979798,0.7142857142857143,0.13825458375221408,False
background_positive_housekeeping,IL7R,7.025456240433763,5.288933713684688,1.7365225267490745,0.3434343434343435,0.37142857142857144,0.4745638200183655,False
background_positive_housekeeping,DPP4,7.543127607597453,8.612810711725649,-1.0696831041281953,0.01767676767676768,-0.8285714285714286,0.09595959595959598,False
background_positive_housekeeping,IL6,1.4268253981034018,-1.2193130697181438,2.6461384678215456,0.148989898989899,0.5428571428571428,0.27533695618802007,False
background_positive_housekeeping,CXCR6,1.1329010211831465,-0.25238810897781966,1.3852891301609662,0.4318181818181819,0.3142857142857143,0.5658307210031348,False
background_positive_housekeeping,CFD,5.763337078280299,5.232203624639153,0.5311334536411456,0.7550505050505051,0.14285714285714285,0.8331591779867642,False
background_positive_housekeeping,CCL4,4.429650917849036,3.434902257068842,0.9947486607801945,0.7550505050505051,0.14285714285714285,0.8331591779867642,False
background_positive_housekeeping,DEFB103A,1.4268253981034018,0.21912558110347705,1.2076998169999247,0.4318181818181819,0.3142857142857143,0.5658307210031348,False
background_positive_housekeeping,LILRA1,2.7703235538194213,1.1289776108485632,1.6413459429708581,0.04797979797979798,0.7142857142857143,0.13825458375221408,False
background_positive_housekeeping,NOS2,2.122847836454847,2.9504579767484667,-0.8276101402936198,0.26767676767676774,-0.42857142857142855,0.40085584913171124,False
background_positive_housekeeping,SLAMF7,2.122847836454847,1.6162691739760995,0.5065786624787474,0.030303030303030304,0.7714285714285715,0.11660912926735713,False
background_positive_housekeeping,LTBR,8.377608599358506,8.454903042238882,-0.07729444288037612,0.7550505050505051,-0.14285714285714285,0.8331591779867642,False
background_positive_housekeeping,IRF5,5.657806614045766,5.138251480173727,0.5195551338720392,0.10606060606060606,0.6,0.22626262626262625,False
background_positive_housekeeping,ITGA4,4.981052516505657,3.7458348387874385,1.2352176777182184,0.26767676767676774,0.42857142857142855,0.40085584913171124,False
background_positive_housekeeping,PDCD2,6.438985053130394,6.21100307465318,0.2279819784772137,0.5303030303030304,0.2571428571428571,0.6620620994337628,False
background_positive_housekeeping,CDKN1A,5.813386326694934,6.453042758847651,-0.6396564321527176,0.20202020202020204,-0.4857142857142857,0.33651584336515844,False
background_positive_housekeeping,IGF2R,7.612258403066805,7.803761775569144,-0.19150337250233918,0.4318181818181819,-0.3142857142857143,0.5658307210031348,False
background_positive_housekeeping,SERPING1,11.2928344640101,10.711412247759334,0.5814222162507665,0.07323232323232323,0.6571428571428571,0.18099696148476638,False
background_positive_housekeeping,PTPN2,6.397214797025579,5.9077447069484395,0.4894700900771394,0.04797979797979798,0.7142857142857143,0.13825458375221408,False
background_positive_housekeeping,CCR6,2.2571832469525406,1.8610133731928933,0.3961698737596473,0.26767676767676774,0.42857142857142855,0.40085584913171124,False
background_positive_housekeeping,HLA-DRA,11.103171050507491,10.027630852211068,1.075540198296423,0.010101010101010102,0.8857142857142857,0.09595959595959598,False
background_positive_housekeeping,GPI,9.65353575039053,9.717643863516834,-0.06410811312630393,0.26767676767676774,-0.42857142857142855,0.40085584913171124,False
background_positive_housekeeping,CD46,9.289637085651117,9.395649539310206,-0.10601245365908873,0.3434343434343435,-0.37142857142857144,0.4745638200183655,False
background_positive_housekeeping,RORC,5.503897714633893,6.248005888867098,-0.7441081742332054,0.148989898989899,-0.5428571428571428,0.27533695618802007,False
background_positive_housekeeping,KIR3DL2,1.1329010211831465,-0.4691059676083286,1.6020069887914752,0.030303030303030304,0.7714285714285715,0.11660912926735713,False
background_positive_housekeeping,PSMB9,7.5563770166820206,6.517608901869172,1.0387681148128483,0.010101010101010102,0.8857142857142857,0.09595959595959598,False
background_positive_housekeeping,PTGER4,6.04215803656682,5.518982930127779,0.5231751064390417,0.010101010101010102,0.8857142857142857,0.09595959595959598,False
background_positive_housekeeping,C6,5.324479968712171,5.085469488396279,0.23901048031589234,0.638888888888889,0.2,0.7484478698351531,False
background_positive_housekeeping,TNFSF13B,5.278449157772881,4.419962313579805,0.8584868441930764,0.01767676767676768,0.8285714285714286,0.09595959595959598,False
background_positive_housekeeping,PTPN22,4.090417225043452,3.531148856801388,0.5592683682420638,0.3434343434343435,0.37142857142857144,0.4745638200183655,False
background_positive_housekeeping,PTK2,9.071726950653918,9.002584483179469,0.06914246747444963,0.7550505050505051,0.14285714285714285,0.8331591779867642,False
background_positive_housekeeping,LAMP3,2.119894661296063,0.14466012275342005,1.975234538542643,0.10606060606060606,0.6,0.22626262626262625,False
background_positive_housekeeping,FCGR2A,6.0264716508098894,5.227832324909459,0.7986393259004307,0.26767676767676774,0.42857142857142855,0.40085584913171124,False
background_positive_housekeeping,IFI16,8.390046639375145,6.881326897939411,1.5087197414357334,0.04797979797979798,0.7142857142857143,0.13825458375221408,False
background_positive_housekeeping,POU2F2,4.696165247539882,3.3769760108685505,1.3191892366713311,0.20202020202020204,0.4857142857142857,0.33651584336515844,False
background_positive_housekeeping,LILRA2,2.122847836454847,1.5214317927736698,0.6014160436811771,0.26767676767676774,0.42857142857142855,0.40085584913171124,False
background_positive_housekeeping,NOD1,5.10484732265701,4.875292407386143,0.22955491527086735,0.10606060606060606,0.6,0.22626262626262625,False
background_positive_housekeeping,sCTLA4,1.1329010211831465,-1.6335135557715017,2.766414576954648,0.01767676767676768,0.8285714285714286,0.09595959595959598,False
background_positive_housekeeping,PDGFRB,9.162102791025468,8.783731378118947,0.378371412906521,0.26767676767676774,0.42857142857142855,0.40085584913171124,False
background_positive_housekeeping,UBE2L3,7.477267778292056,7.142303824264399,0.334963954027657,0.148989898989899,0.5428571428571428,0.27533695618802007,False
background_positive_housekeeping,IL27,1.1329010211831465,-1.6335135557715017,2.766414576954648,0.04797979797979798,0.7142857142857143,0.13825458375221408,False
background_positive_housekeeping,TNFRSF17,3.125780107984164,-0.25238810897781966,3.3781682169619835,0.010101010101010102,0.8857142857142857,0.09595959595959598,False
background_positive_housekeeping,GBP1,5.763337078280299,5.222574026389905,0.5407630518903934,0.148989898989899,0.5428571428571428,0.27533695618802007,False
background_positive_housekeeping,CD24,11.678045195812997,11.299037434458164,0.37900776135483305,0.010101010101010102,0.8857142857142857,0.09595959595959598,False
background_positive_housekeeping,IL21,1.1329010211831465,-0.25238810897781966,1.3852891301609662,0.04797979797979798,0.7142857142857143,0.13825458375221408,False
background_positive_housekeeping,CD34,4.856859898385744,5.116934784872224,-0.26007488648648014,0.8762626262626263,0.08571428571428572,0.9233408609491799,False
background_positive_housekeeping,TNFSF8,2.122847836454847,1.0160379666517692,1.1068098698030777,0.04797979797979798,0.7142857142857143,0.13825458375221408,False
background_positive_housekeeping,C1R,10.429016309919424,9.4331436232391,0.9958726866803236,0.01767676767676768,0.8285714285714286,0.09595959595959598,False
background_positive_housekeeping,C8B,1.1329010211831465,-1.6335135557715017,2.766414576954648,0.01767676767676768,0.8285714285714286,0.09595959595959598,False
background_positive_housekeeping,IL29,1.1329010211831465,-1.6335135557715017,2.766414576954648,0.01767676767676768,0.8285714285714286,0.09595959595959598,False
background_positive_housekeeping,IKZF3,4.911760341341504,2.471401502984986,2.440358838356518,0.07323232323232323,0.6571428571428571,0.18099696148476638,False
background_positive_housekeeping,GPR183,3.796686793498955,3.405073796538624,0.39161299696033103,0.7550505050505051,0.14285714285714285,0.8331591779867642,False
background_positive_housekeeping,IL2,1.1329010211831465,-1.6335135557715017,2.766414576954648,0.01767676767676768,0.8285714285714286,0.09595959595959598,False
background_positive_housekeeping,LAIR1,6.584333306140135,5.6051028834330605,0.979230422707074,0.010101010101010102,0.8857142857142857,0.09595959595959598,False
background_positive_housekeeping,AHR,9.360402820394482,7.899845785229285,1.4605570351651966,0.04797979797979798,0.7142857142857143,0.13825458375221408,False
background_positive_housekeeping,IKBKG,6.925614209136089,6.604570482984787,0.32104372615130217,0.04797979797979798,0.7142857142857143,0.13825458375221408,False
background_positive_housekeeping,BCAP31,9.621984846195048,9.570947767226674,0.05103707896837406,1.0,0.02857142857142857,1.0,False
background_positive_housekeeping,CD8B,3.34389363082144,1.9882822787724421,1.3556113520489979,0.148989898989899,0.5428571428571428,0.27533695618802007,False
background_positive_housekeeping,CCL24,1.4268253981034018,3.1213771709132105,-1.6945517728098087,0.638888888888889,-0.2,0.7484478698351531,False
background_positive_housekeeping,CEACAM8,1.1329010211831465,-0.3417386265687868,1.4746396477519332,0.030303030303030304,0.7714285714285715,0.11660912926735713,False
background_positive_housekeeping,CD14,8.544717580687553,7.385446224230628,1.1592713564569257,0.030303030303030304,0.7714285714285715,0.11660912926735713,False
background_positive_housekeeping,ITGA5,6.3706589021424085,6.630332888302602,-0.25967398616019377,1.0,0.02857142857142857,1.0,False
background_positive_housekeeping,CD55,4.461916762380882,4.653554997842674,-0.1916382354617916,0.7550505050505051,-0.14285714285714285,0.8331591779867642,False
background_positive_housekeeping,CD164,8.547620246524279,9.033110213009111,-0.4854899664848329,0.10606060606060606,-0.6,0.22626262626262625,False
background_positive_housekeeping,ARG2,6.114808272234806,7.021283419417312,-0.9064751471825057,0.0025252525252525255,-1.0,0.09595959595959598,False
background_positive_housekeeping,BATF,3.1028548244674767,2.0833361031903297,1.019518721277147,0.4318181818181819,0.3142857142857143,0.5658307210031348,False
background_positive_housekeeping,MSR1,6.761563868916096,5.679082785055769,1.0824810838603272,0.10606060606060606,0.6,0.22626262626262625,False
background_positive_housekeeping,CSF1R,3.6644054703931945,2.8647265724297784,0.7996788979634162,0.20202020202020204,0.4857142857142857,0.33651584336515844,False
background_positive_housekeeping,IL5,1.1329010211831465,-0.4691059676083286,1.6020069887914752,0.030303030303030304,0.7714285714285715,0.11660912926735713,False
background_positive_housekeeping,IRAK1,7.118833654498306,7.222905660975351,-0.10407200647704506,1.0,0.02857142857142857,1.0,False
background_positive_housekeeping,IFNB1,1.1329010211831465,-1.6335135557715017,2.766414576954648,0.01767676767676768,0.8285714285714286,0.09595959595959598,False
background_positive_housekeeping,TNFRSF1B,6.309861148856395,5.287589064379646,1.0222720844767492,0.26767676767676774,0.42857142857142855,0.40085584913171124,False
background_positive_housekeeping,CASP8,7.324934811491324,6.689895358905608,0.6350394525857155,0.07323232323232323,0.6571428571428571,0.18099696148476638,False
background_positive_housekeeping,IFIT2,5.936402574282137,5.675871309309898,0.2605312649722391,0.26767676767676774,0.42857142857142855,0.40085584913171124,False
background_positive_housekeeping,LILRB3,4.209072695740372,2.5837745669573566,1.6252981287830153,0.148989898989899,0.5428571428571428,0.27533695618802007,False
background_positive_housekeeping,NLRP3,3.986590263129947,2.5392592665805025,1.4473309965494443,0.04797979797979798,0.7142857142857143,0.13825458375221408,False
background_positive_housekeeping,JAK2,7.9625382044294835,7.586691589364538,0.37584661506494577,0.10606060606060606,0.6,0.22626262626262625,False
background_positive_housekeeping,CSF2RB,6.438347868063961,4.170324511460912,2.2680233566030497,0.04797979797979798,0.7142857142857143,0.13825458375221408,False
background_positive_housekeeping,CCL3,4.0332330955802576,2.385286186693093,1.6479469088871648,0.5303030303030304,0.2571428571428571,0.6620620994337628,False
background_positive_housekeeping,CLEC6A,1.1329010211831465,-1.6335135557715017,2.766414576954648,0.01767676767676768,0.8285714285714286,0.09595959595959598,False
background_positive_housekeeping,IL9,1.1329010211831465,-1.6335135557715017,2.766414576954648,0.01767676767676768,0.8285714285714286,0.09595959595959598,False
background_positive_housekeeping,CX3CL1,6.905092613926976,7.160147909426578,-0.25505529549960215,0.4318181818181819,-0.3142857142857143,0.5658307210031348,False
background_positive_housekeeping,TNFSF4,2.122847836454847,3.293235999678887,-1.17038816322404,0.04797979797979798,-0.7142857142857143,0.13825458375221408,False
background_positive_housekeeping,BTLA,4.090417225043452,2.201487790567533,1.8889294344759189,0.0025252525252525255,1.0,0.09595959595959598,False
background_positive_housekeeping,C2,6.642493784302824,5.508805243143952,1.1336885411588717,0.26767676767676774,0.42857142857142855,0.40085584913171124,False
background_positive_housekeeping,IL6ST,10.897854277250193,10.70452113587798,0.19333314137221258,0.20202020202020204,0.4857142857142857,0.33651584336515844,False
background_positive_housekeeping,BCL10,8.401562637763341,8.137695407246268,0.2638672305170733,0.10606060606060606,0.6,0.22626262626262625,False
background_positive_housekeeping,PAX5,1.4268253981034018,-0.3417386265687868,1.7685640246721885,0.04797979797979798,0.7142857142857143,0.13825458375221408,False
background_positive_housekeeping,IFNA2,1.1329010211831465,0.021958797208552476,1.110942223974594,0.148989898989899,0.5428571428571428,0.27533695618802007,False
background_positive_housekeeping,CD276,8.455273115546953,7.650754277797026,0.804518837749927,0.04797979797979798,0.7142857142857143,0.13825458375221408,False
background_positive_housekeeping,CD58,6.68306318189715,7.04151437078095,-0.3584511888837998,0.638888888888889,-0.2,0.7484478698351531,False
background_positive_housekeeping,FKBP5,7.546126356590104,9.857716583501581,-2.311590226911477,0.07323232323232323,-0.6571428571428571,0.18099696148476638,False
background_positive_housekeeping,IRF1,7.399015464646409,5.991029286046713,1.407986178599696,0.010101010101010102,0.8857142857142857,0.09595959595959598,False
background_positive_housekeeping,ATM,1.4268253981034018,1.2009047336063103,0.22592066449709147,0.7550505050505051,0.14285714285714285,0.8331591779867642,False
background_positive_housekeeping,IL2RB,4.914929426871446,3.6306449097519042,1.2842845171195414,0.04797979797979798,0.7142857142857143,0.13825458375221408,False
background_positive_housekeeping,CCL19,9.725222918557268,4.722899363510381,5.002323555046887,0.04797979797979798,0.7142857142857143,0.13825458375221408,False
background_positive_housekeeping,IFI35,5.941115350103169,5.854779139606161,0.08633621049700757,0.030303030303030304,0.7714285714285715,0.11660912926735713,False
background_positive_housekeeping,CCL11,5.657806614045766,3.067192807883214,2.590613806162552,0.030303030303030304,0.7714285714285715,0.11660912926735713,False
background_positive_housekeeping,HLA-DMA,8.427974252287328,7.440961569856343,0.9870126824309846,0.005050505050505051,0.9428571428571428,0.09595959595959598,False
background_positive_housekeeping,LILRB2,4.461916762380882,3.1095922858033456,1.3523244765775368,0.07323232323232323,0.6571428571428571,0.18099696148476638,False
background_positive_housekeeping,KLRC4,3.6644054703931945,2.805243617496373,0.8591618528968215,0.4318181818181819,0.3142857142857143,0.5658307210031348,False
background_positive_housekeeping,KLRG1,3.270874027249383,1.7904332006263264,1.4804408266230564,0.07323232323232323,0.6571428571428571,0.18099696148476638,False
background_positive_housekeeping,MAF,6.273726159331885,6.280987458204385,-0.007261298872499822,0.3434343434343435,-0.37142857142857144,0.4745638200183655,False
background_positive_housekeeping,HLA-DPA1,10.514994219292676,9.25201847335352,1.2629757459391566,0.010101010101010102,0.8857142857142857,0.09595959595959598,False
background_positive_housekeeping,TNFAIP6,1.1329010211831465,-1.2876975160161304,2.420598537199277,0.148989898989899,0.5428571428571428,0.27533695618802007,False
background_positive_housekeeping,LTB4R,4.984863549161592,4.850159780176517,0.13470376898507475,0.7550505050505051,0.14285714285714285,0.8331591779867642,False
background_positive_housekeeping,IL13,1.1329010211831465,-1.6335135557715017,2.766414576954648,0.01767676767676768,0.8285714285714286,0.09595959595959598,False
background_positive_housekeeping,CD247,4.418890025609314,2.3907058998449933,2.0281841257643207,0.030303030303030304,0.7714285714285715,0.11660912926735713,False
background_positive_housekeeping,CASP2,6.837327537390807,6.615698853316555,0.2216286840742514,0.4318181818181819,0.3142857142857143,0.5658307210031348,False
background_positive_housekeeping,ITGB2,7.875357912620032,6.56442889372925,1.310929018890782,0.030303030303030304,0.7714285714285715,0.11660912926735713,False
background_positive_housekeeping,TAPBP,8.894779639745153,8.633405792515646,0.26137384722950685,0.0025252525252525255,1.0,0.09595959595959598,True
background_positive_housekeeping,IL1R1,7.612258403066805,6.542175364621794,1.0700830384450102,0.04797979797979798,0.7142857142857143,0.13825458375221408,False
background_positive_housekeeping,C1QBP,8.97972258616422,9.325354419655937,-0.34563183349171744,0.20202020202020204,-0.4857142857142857,0.33651584336515844,False
background_positive_housekeeping,PTPRC_all,7.635815745293835,6.313231854376032,1.3225838909178025,0.030303030303030304,0.7714285714285715,0.11660912926735713,False
background_positive_housekeeping,S100A9,5.5705706804454,5.164842914789953,0.4057277656554463,0.4318181818181819,0.3142857142857143,0.5658307210031348,False
background_positive_housekeeping,MAPK11,2.868714919252239,4.0110360730269825,-1.1423211537747435,0.0025252525252525255,-1.0,0.09595959595959598,False
background_positive_housekeeping,GP1BB,3.161062715990214,4.052509777487532,-0.8914470614973178,0.638888888888889,-0.2,0.7484478698351531,False
background_positive_housekeeping,CLU,1.1329010211831465,0.21912558110347705,0.9137754400796695,0.26767676767676774,0.42857142857142855,0.40085584913171124,False
background_positive_housekeeping,MBL2,1.1329010211831465,-1.6335135557715017,2.766414576954648,0.01767676767676768,0.8285714285714286,0.09595959595959598,False
background_positive_housekeeping,FCER1G,7.27638608479413,5.590250401928887,1.6861356828652436,0.030303030303030304,0.7714285714285715,0.11660912926735713,False
background_positive_housekeeping,C1QA,7.248461182166645,6.568637278859677,0.6798239033069677,0.04797979797979798,0.7142857142857143,0.13825458375221408,True
background_positive_housekeeping,SLC2A1,4.064068613255748,4.0834095291466035,-0.019340915890855293,0.5303030303030304,-0.2571428571428571,0.6620620994337628,False
background_positive_housekeeping,VCAM1,9.338385923377308,7.764784617312685,1.5736013060646226,0.04797979797979798,0.7142857142857143,0.13825458375221408,False
background_positive_housekeeping,IL18,6.507892409996958,6.453042758847651,0.054849651149306844,0.7550505050505051,0.14285714285714285,0.8331591779867642,False
background_positive_housekeeping,KLRAP1,1.1533821882409832,1.1289776108485632,0.024404577392419968,0.7550505050505051,0.14285714285714285,0.8331591779867642,False
background_positive_housekeeping,CCL18,2.232763429414875,-0.3417386265687868,2.574502055983662,0.148989898989899,0.5428571428571428,0.27533695618802007,False
background_positive_housekeeping,IL1RAP,4.110748109391173,4.930730228999848,-0.8199821196086754,0.26767676767676774,-0.42857142857142855,0.40085584913171124,False
background_positive_housekeeping,NOD2,2.337439059800115,1.1905066638906088,1.1469323959095061,0.26767676767676774,0.42857142857142855,0.40085584913171124,False
background_positive_housekeeping,TGFB1,7.512026237140802,7.010409615214311,0.501616621926491,0.04797979797979798,0.7142857142857143,0.13825458375221408,False
background_positive_housekeeping,NFKBIA,9.753484867765819,9.936186219825267,-0.18270135205944804,1.0,0.02857142857142857,1.0,False
background_positive_housekeeping,HRAS,6.129040061091156,6.005185986521815,0.12385407456934061,0.7550505050505051,0.14285714285714285,0.8331591779867642,False
background_positive_housekeeping,DEFB103B,1.1329010211831465,-0.951649765890783,2.0845507870739297,0.148989898989899,0.5428571428571428,0.27533695618802007,False
background_positive_housekeeping,ADA,3.6644054703931945,3.624661222834495,0.03974424755869954,1.0,-0.02857142857142857,1.0,False
background_positive_housekeeping,TAGAP,4.315419065684708,2.707822521445055,1.607596544239653,0.26767676767676774,0.42857142857142855,0.40085584913171124,False
background_positive_housekeeping,ICAM1,7.328371171922424,6.341554985522654,0.9868161863997695,0.148989898989899,0.5428571428571428,0.27533695618802007,False
background_positive_housekeeping,IFITM1,9.615553321105244,8.830274056898126,0.7852792642071176,0.148989898989899,0.5428571428571428,0.27533695618802007,False
background_positive_housekeeping,RELB,5.697080931457704,4.035566183565619,1.6615147478920846,0.030303030303030304,0.7714285714285715,0.11660912926735713,False
background_positive_housekeeping,XCL1,1.1329010211831465,-0.3417386265687868,1.4746396477519332,0.3434343434343435,0.37142857142857144,0.4745638200183655,False
background_positive_housekeeping,CD160,1.1329010211831465,-0.3417386265687868,1.4746396477519332,0.10606060606060606,0.6,0.22626262626262625,False
background_positive_housekeeping,S1PR1,3.6644054703931945,4.390331019556886,-0.7259255491636911,0.04797979797979798,-0.7142857142857143,0.13825458375221408,False
background_positive_housekeeping,TGFBR2,9.003767519363048,8.674987331831062,0.32878018753198646,0.26767676767676774,0.42857142857142855,0.40085584913171124,False
background_positive_housekeeping,CD163,6.859469556265477,7.032831948822205,-0.17336239255672758,0.8762626262626263,-0.08571428571428572,0.9233408609491799,False
background_positive_housekeeping,CXCR3,3.6820923598640203,0.7333338038561706,2.9487585560078498,0.030303030303030304,0.7714285714285715,0.11660912926735713,True
background_positive_housekeeping,BLNK,6.371732294889534,6.2709970992560295,0.1007351956335043,0.20202020202020204,0.4857142857142857,0.33651584336515844,False
background_positive_housekeeping,KLRG2,1.4268253981034018,3.1528278515299677,-1.7260024534265659,0.04797979797979798,-0.7142857142857143,0.13825458375221408,False
background_positive_housekeeping,HLA-B,10.856813967915096,10.098158428730915,0.7586555391841809,0.010101010101010102,0.8857142857142857,0.09595959595959598,False
background_positive_housekeeping,CD244,2.122847836454847,0.3876515700162197,1.7351962664386271,0.030303030303030304,0.7714285714285715,0.11660912926735713,False
background_positive_housekeeping,CXCL12,11.119559308501396,10.42894849326833,0.6906108152330663,0.01767676767676768,0.8285714285714286,0.09595959595959598,False
background_positive_housekeeping,KCNJ2,3.161062715990214,3.3951093286179335,-0.23404661262771942,0.8762626262626263,0.08571428571428572,0.9233408609491799,False
background_positive_housekeeping,S100A8,4.856859898385744,4.2957960193097104,0.5610638790760332,1.0,0.02857142857142857,1.0,False
background_positive_housekeeping,TNFSF15,5.941115350103169,5.36174171382757,0.5793736362755988,0.26767676767676774,0.42857142857142855,0.40085584913171124,False
background_positive_housekeeping,IL6R,5.67346208882174,6.0871110446839545,-0.4136489558622145,0.26767676767676774,-0.42857142857142855,0.40085584913171124,False
background_positive_housekeeping,CLEC4E,2.9009376170106127,4.446958297623185,-1.5460206806125725,0.148989898989899,-0.5428571428571428,0.27533695618802007,False
background_positive_housekeeping,CD28,3.6417781289565445,2.063845696706328,1.5779324322502166,0.148989898989899,0.5428571428571428,0.27533695618802007,False
background_positive_housekeeping,C4A/B,10.529611215203547,10.250676113430066,0.2789351017734809,0.07323232323232323,0.6571428571428571,0.18099696148476638,False
background_positive_housekeeping,LCP2,8.559578803087732,6.685123560980253,1.8744552421074783,0.07323232323232323,0.6571428571428571,0.18099696148476638,False
background_positive_housekeeping,GZMK,5.5705706804454,4.119536257516431,1.4510344229289682,0.148989898989899,0.5428571428571428,0.27533695618802007,False
background_positive_housekeeping,IL12A,1.1329010211831465,-1.6335135557715017,2.766414576954648,0.01767676767676768,0.8285714285714286,0.09595959595959598,False
background_positive_housekeeping,TYK2,6.741855243150582,6.657753256899298,0.08410198625128373,0.5303030303030304,0.2571428571428571,0.6620620994337628,False
background_positive_housekeeping,FCGR1A/B,3.057240802503172,3.3120711843225283,-0.25483038181935624,0.7550505050505051,0.14285714285714285,0.8331591779867642,False
background_positive_housekeeping,KLRB1,6.114808272234806,3.834772252202165,2.2800360200326413,0.07323232323232323,0.6571428571428571,0.18099696148476638,False
background_positive_housekeeping,CD79B,5.278449157772881,2.435418339980285,2.843030817792596,0.030303030303030304,0.7714285714285715,0.11660912926735713,False
background_positive_housekeeping,SH2D1A,2.122847836454847,-0.25238810897781966,2.3752359454326664,0.148989898989899,0.5428571428571428,0.27533695618802007,False
background_positive_housekeeping,TLR8,3.6832704044615885,2.5509017583340885,1.1323686461275,0.010101010101010102,0.8857142857142857,0.09595959595959598,False
background_positive_housekeeping,IL7,1.4268253981034018,1.3103179808630478,0.11650741724035396,0.3434343434343435,0.37142857142857144,0.4745638200183655,False
background_positive_housekeeping,CD274,3.057240802503172,3.3951093286179335,-0.33786852611476137,0.638888888888889,-0.2,0.7484478698351531,False
background_positive_housekeeping,FCGR3A/B,5.042102602919279,4.864737558116735,0.1773650448025439,0.7550505050505051,0.14285714285714285,0.8331591779867642,False
background_positive_housekeeping,LILRA4,2.9126563656270004,-1.6335135557715017,4.546169921398502,0.0025252525252525255,1.0,0.09595959595959598,False
background_positive_housekeeping,LGALS3,8.825809530783749,8.77870500245011,0.047104528333639095,0.8762626262626263,-0.08571428571428572,0.9233408609491799,False
background_positive_housekeeping,DEFB4A,1.1329010211831465,0.21912558110347705,0.9137754400796695,0.5303030303030304,0.2571428571428571,0.6620620994337628,False
background_positive_housekeeping,RUNX1,6.202745271236293,4.387792287637209,1.8149529835990839,0.07323232323232323,0.6571428571428571,0.18099696148476638,False
background_positive_housekeeping,BID,1.1329010211831465,0.46101630351495015,0.6718847176681964,0.638888888888889,0.2,0.7484478698351531,False
background_positive_housekeeping,DEFB1,6.196145618787104,6.356235811293074,-0.16009019250597056,0.5303030303030304,-0.2571428571428571,0.6620620994337628,False
background_positive_housekeeping,LTB4R2,5.306767901895695,5.04387702999908,0.262890871896615,0.5303030303030304,0.2571428571428571,0.6620620994337628,False
background_positive_housekeeping,CTSC,10.18763889355966,10.097920406637147,0.0897184869225125,0.7550505050505051,0.14285714285714285,0.8331591779867642,False
background_positive_housekeeping,CXCR2,1.1329010211831465,3.130115637883487,-1.9972146167003404,0.148989898989899,-0.5428571428571428,0.27533695618802007,False
background_positive_housekeeping,TNFRSF11A,3.533321185905125,3.1213771709132105,0.41194401499191446,0.5303030303030304,0.2571428571428571,0.6620620994337628,False
background_positive_housekeeping,JAK3,6.202745271236293,4.186357514243773,2.01638775699252,0.010101010101010102,0.8857142857142857,0.09595959595959598,False
background_positive_housekeeping,CCL13,3.950370525370423,0.9215216455706405,3.0288488797997823,0.04797979797979798,0.7142857142857143,0.13825458375221408,False
background_positive_housekeeping,TRAF3,6.702455608694537,5.8198985028497585,0.8825571058447785,0.01767676767676768,0.8285714285714286,0.09595959595959598,False
background_positive_housekeeping,PDCD1LG2,1.4268253981034018,1.8610133731928933,-0.4341879750894915,0.8762626262626263,-0.08571428571428572,0.9233408609491799,False
background_positive_housekeeping,RAG1,2.122847836454847,3.249469790799736,-1.126621954344889,0.3434343434343435,-0.37142857142857144,0.4745638200183655,False
background_positive_housekeeping,NFATC3,7.430972210451277,7.280519156644288,0.1504530538069897,0.638888888888889,-0.2,0.7484478698351531,False
background_positive_housekeeping,TNFRSF10C,3.9574271515676607,3.3302715225308748,0.6271556290367859,0.26767676767676774,0.42857142857142855,0.40085584913171124,False
background_positive_housekeeping,IL21R,2.8432445247978135,1.3654369428459656,1.477807581951848,0.148989898989899,0.5428571428571428,0.27533695618802007,False
background_positive_housekeeping,IL22,1.1329010211831465,-1.6335135557715017,2.766414576954648,0.01767676767676768,0.8285714285714286,0.09595959595959598,False
background_positive_housekeeping,KIR_Activating_Subgroup_2,1.1329010211831465,-0.3417386265687868,1.4746396477519332,0.04797979797979798,0.7142857142857143,0.13825458375221408,False
background_positive_housekeeping,IL12RB1,2.232763429414875,2.0832173682599557,0.1495460611549193,0.20202020202020204,0.4857142857142857,0.33651584336515844,False
background_positive_housekeeping,SMAD5,7.442833910324527,7.355469631577141,0.08736427874738606,0.7550505050505051,-0.14285714285714285,0.8331591779867642,False
background_positive_housekeeping,CD48,6.114808272234806,4.2831520859066545,1.8316561863281517,0.148989898989899,0.5428571428571428,0.27533695618802007,False
background_positive_housekeeping,CD19,3.057240802503172,-0.25238810897781966,3.3096289114809916,0.030303030303030304,0.7714285714285715,0.11660912926735713,False
background_positive_housekeeping,LTA,2.122847836454847,-0.25238810897781966,2.3752359454326664,0.010101010101010102,0.8857142857142857,0.09595959595959598,False
background_positive_housekeeping,TRAF2,6.524617002943505,6.288027811626311,0.23658919131719447,0.26767676767676774,0.42857142857142855,0.40085584913171124,False
background_positive_housekeeping,FCGR2A/C,8.187021198964178,7.005629238924064,1.1813919600401137,0.3434343434343435,0.37142857142857144,0.4745638200183655,False
background_positive_housekeeping,CD96,6.114808272234806,3.6981511659837047,2.4166571062511015,0.01767676767676768,0.8285714285714286,0.09595959595959598,False
background_positive_housekeeping,GZMA,5.537246395791331,4.186357514243773,1.350888881547558,0.20202020202020204,0.4857142857142857,0.33651584336515844,False
background_positive_housekeeping,TFRC,6.988386245584441,7.472886510247976,-0.48450026466353524,0.20202020202020204,-0.4857142857142857,0.33651584336515844,False
background_positive_housekeeping,CD44,9.563508441426658,8.211444722506402,1.352063718920256,0.04797979797979798,0.7142857142857143,0.13825458375221408,False
background_positive_housekeeping,MASP2,1.1329010211831465,-0.3417386265687868,1.4746396477519332,0.04797979797979798,0.7142857142857143,0.13825458375221408,False
background_positive_housekeeping,MASP1,5.697080931457704,5.477839881097359,0.21924105036034458,0.148989898989899,0.5428571428571428,0.27533695618802007,False
background_positive_housekeeping,ILF3,9.478850582472107,9.299036815333272,0.17981376713883535,0.148989898989899,0.5428571428571428,0.27533695618802007,False
background_positive_housekeeping,ZBTB16,7.6118475510917945,9.53572545849255,-1.9238779074007555,0.148989898989899,-0.5428571428571428,0.27533695618802007,False
background_positive_housekeeping,PTPN6,7.112396078764501,6.1173505403952335,0.9950455383692676,0.04797979797979798,0.7142857142857143,0.13825458375221408,False
background_positive_housekeeping,C14orf166,9.133080366998575,9.054041179763644,0.07903918723493142,0.638888888888889,-0.2,0.7484478698351531,False
background_positive_housekeeping,C1QB,8.256904816623392,6.9373700606072015,1.31953475601619,0.04797979797979798,0.7142857142857143,0.13825458375221408,False
background_positive_housekeeping,CD99,10.368773780583155,10.178606957642026,0.1901668229411282,0.3434343434343435,0.37142857142857144,0.4745638200183655,False
background_positive_housekeeping,ICOS,1.4268253981034018,0.21912558110347705,1.2076998169999247,0.030303030303030304,0.7714285714285715,0.11660912926735713,False
background_positive_housekeeping,C5,5.458377291729021,5.539122662279025,-0.0807453705500043,0.638888888888889,0.2,0.7484478698351531,False
background_positive_housekeeping,MCL1,9.479627843195258,9.396401147206632,0.08322669598862653,0.8762626262626263,0.08571428571428572,0.9233408609491799,False
background_positive_housekeeping,TLR9,3.6644054703931945,1.9081988633258269,1.7562066070673676,0.010101010101010102,0.8857142857142857,0.09595959595959598,False
background_positive_housekeeping,LILRA6,1.4268253981034018,-0.4691059676083286,1.8959313657117305,0.07323232323232323,0.6571428571428571,0.18099696148476638,False
background_positive_housekeeping,MAP4K1,6.438347868063961,4.653554997842674,1.7847928702212874,0.030303030303030304,0.7714285714285715,0.11660912926735713,False
background_positive_housekeeping,PSMD7,8.299326825255037,8.445914020382082,-0.14658719512704543,0.10606060606060606,-0.6,0.22626262626262625,False
background_positive_housekeeping,TGFBI,8.663108737410155,7.687712216762827,0.9753965206473287,0.04797979797979798,0.7142857142857143,0.13825458375221408,False
background_positive_housekeeping,MS4A1,3.270874027249383,-0.25238810897781966,3.5232621362272023,0.01767676767676768,0.8285714285714286,0.09595959595959598,False
background_positive_housekeeping,CEACAM6,1.4268253981034018,-0.25238810897781966,1.6792135070812215,0.4318181818181819,0.3142857142857143,0.5658307210031348,False
background_positive_housekeeping,IL16,6.779759737332172,5.414500210674663,1.3652595266575087,0.04797979797979798,0.7142857142857143,0.13825458375221408,False
background_positive_housekeeping,TRAF6,7.2193138044671015,7.042208626023889,0.17710517844321227,0.4318181818181819,0.3142857142857143,0.5658307210031348,False
background_positive_housekeeping,MIF,9.695331398369165,9.949910981757546,-0.2545795833883808,0.20202020202020204,-0.4857142857142857,0.33651584336515844,False
background_positive_housekeeping,SOCS1,4.978332378424204,4.907256327578682,0.07107605084552215,0.8762626262626263,0.08571428571428572,0.9233408609491799,False
background_positive_housekeeping,KIR3DL1,1.1329010211831465,-1.6335135557715017,2.766414576954648,0.01767676767676768,0.8285714285714286,0.09595959595959598,False
background_positive_housekeeping,IL23A,1.202257690843005,-0.25238810897781966,1.4546457998208246,0.07323232323232323,0.6571428571428571,0.18099696148476638,False
background_positive_housekeeping,CCR7,3.6644054703931945,-0.4691059676083286,4.133511438001523,0.030303030303030304,0.7714285714285715,0.11660912926735713,False
background_positive_housekeeping,TLR1,5.515099812941137,5.414500210674663,0.10059960226647391,0.8762626262626263,-0.08571428571428572,0.9233408609491799,False
background_positive_housekeeping,IL18R1,5.8006885423837,5.298190022645725,0.5024985197379745,0.3434343434343435,0.37142857142857144,0.4745638200183655,False
background_positive_housekeeping,RAF1,6.872976562379205,7.320960511244364,-0.4479839488651587,0.148989898989899,-0.5428571428571428,0.27533695618802007,False
background_positive_housekeeping,IL15,4.686271132269876,4.561654277779508,0.12461685449036786,0.3434343434343435,0.37142857142857144,0.4745638200183655,False
background_positive_housekeeping,IKZF2,3.986590263129947,3.9940430849892814,-0.007452821859334602,0.638888888888889,-0.2,0.7484478698351531,False
background_positive_housekeeping,CD4,6.79834495488536,5.22086673636355,1.5774782185218106,0.10606060606060606,0.6,0.22626262626262625,False
background_positive_housekeeping,IRAK3,3.4689697587877113,3.7974317850787607,-0.32846202629104937,0.3434343434343435,-0.37142857142857144,0.4745638200183655,False
background_positive_housekeeping,NFIL3,4.7237723092503945,5.171105119303896,-0.4473328100535019,0.20202020202020204,-0.4857142857142857,0.33651584336515844,False
background_positive_housekeeping,CIITA,6.36400817282111,4.921618840616401,1.4423893322047094,0.07323232323232323,0.6571428571428571,0.18099696148476638,False
background_positive_housekeeping,CCRL1,4.911760341341504,4.275768629530554,0.6359917118109495,1.0,0.02857142857142857,1.0,False
background_positive_housekeeping,PPARG,4.984863549161592,5.203941166366427,-0.2190776172048352,0.26767676767676774,-0.42857142857142855,0.40085584913171124,False
background_positive_housekeeping,TLR2,5.836070879407032,5.440358675765808,0.3957122036412244,0.26767676767676774,0.42857142857142855,0.40085584913171124,False
background_positive_housekeeping,CD2,3.6820923598640203,1.3647508104020873,2.3173415494619327,0.0025252525252525255,1.0,0.09595959595959598,False
background_positive_housekeeping,IKBKAP,6.5764369461477425,6.41818102104835,0.15825592509939224,0.26767676767676774,0.42857142857142855,0.40085584913171124,False
background_positive_housekeeping,SLAMF6,1.1329010211831465,-0.3417386265687868,1.4746396477519332,0.04797979797979798,0.7142857142857143,0.13825458375221408,False
background_positive_housekeeping,TNFRSF8,2.868714919252239,1.7404905108170337,1.1282244084352053,0.3434343434343435,0.37142857142857144,0.4745638200183655,False
background_positive_housekeeping,STAT1,8.434765104082516,7.633166033011185,0.8015990710713305,0.04797979797979798,0.7142857142857143,0.13825458375221408,False
background_positive_housekeeping,CRADD,5.458377291729021,6.361096408366091,-0.90271911663707,0.07323232323232323,-0.6571428571428571,0.18099696148476638,False
background_positive_housekeeping,HLA-C,10.197582196457995,9.610391794243231,0.5871904022147643,0.20202020202020204,0.4857142857142857,0.33651584336515844,False
background_positive_housekeeping,GNLY,2.122847836454847,2.6633246973971048,-0.5404768609422579,0.148989898989899,-0.5428571428571428,0.27533695618802007,False
background_positive_housekeeping,CCL5,6.114808272234806,3.8985187527124214,2.216289519522385,0.010101010101010102,0.8857142857142857,0.09595959595959598,True
background_positive_housekeeping,ITGAE,4.9116124888496175,5.247725077167438,-0.3361125883178202,0.10606060606060606,-0.6,0.22626262626262625,False
background_positive_housekeeping,FCGRT,10.233692773052113,10.23309730779279,0.0005954652593231913,0.638888888888889,0.2,0.7484478698351531,False
background_positive_housekeeping,IL10,1.1329010211831465,-1.6335135557715017,2.766414576954648,0.005050505050505051,0.9428571428571428,0.09595959595959598,False
background_positive_housekeeping,CD59,10.86723392239234,10.903236485791815,-0.036002563399474496,0.8762626262626263,-0.08571428571428572,0.9233408609491799,False
background_positive_housekeeping,CCBP2,3.057240802503172,4.193606983293885,-1.1363661807907133,0.20202020202020204,-0.4857142857142857,0.33651584336515844,False
background_positive_housekeeping,STAT2,9.262564497160309,8.837288700619421,0.42527579654088754,0.0025252525252525255,1.0,0.09595959595959598,True
background_positive_housekeeping,CD7,2.2571832469525406,0.21912558110347705,2.0380576658490637,0.030303030303030304,0.7714285714285715,0.11660912926735713,False
background_positive_housekeeping,IFNAR1,4.845629529994738,5.055918157266355,-0.21028862727161712,0.7550505050505051,-0.14285714285714285,0.8331591779867642,False
background_positive_housekeeping,ITGB1,10.084244346367516,9.96335511982166,0.12088922654585588,0.5303030303030304,0.2571428571428571,0.6620620994337628,False
background_positive_housekeeping,SIGIRR,7.072900289002348,7.234601734222117,-0.16170144521976937,0.7550505050505051,-0.14285714285714285,0.8331591779867642,False
background_positive_housekeeping,PDGFB,4.964803688600488,4.303615867006061,0.6611878215944262,0.20202020202020204,0.4857142857142857,0.33651584336515844,False
background_positive_housekeeping,IL28A/B,1.1329010211831465,-0.3417386265687868,1.4746396477519332,0.04797979797979798,0.7142857142857143,0.13825458375221408,False
background_positive_housekeeping,PRKCD,6.70399659143231,7.228236005127132,-0.5242394136948221,0.26767676767676774,-0.42857142857142855,0.40085584913171124,False
background_positive_housekeeping,IL17F,1.1329010211831465,-1.2193130697181438,2.35221409090129,0.030303030303030304,0.7714285714285715,0.11660912926735713,False
background_positive_housekeeping,TNFRSF14,8.45816964050587,8.413303822705759,0.044865817800111785,0.4318181818181819,0.3142857142857143,0.5658307210031348,False
background_positive_housekeeping,GATA3,1.4268253981034018,3.445864156914987,-2.0190387588115852,0.10606060606060606,-0.6,0.22626262626262625,False
background_positive_housekeeping,TBK1,6.922140501060058,6.89559465917555,0.02654584188450837,0.5303030303030304,0.2571428571428571,0.6620620994337628,False
background_positive_housekeeping,CX3CR1,2.2571832469525406,3.4685117990704075,-1.211328552117867,0.638888888888889,-0.2,0.7484478698351531,False
background_positive_housekeeping,GZMB,3.6003049053355505,1.8685531610109611,1.7317517443245893,0.10606060606060606,0.6,0.22626262626262625,False
background_positive_housekeeping,TRAF4,7.05172319235313,7.0347098028568755,0.017013389496254305,1.0,-0.02857142857142857,1.0,False
background_positive_housekeeping,CEBPB,7.5672549050052424,7.417447050833303,0.14980785417193943,1.0,-0.02857142857142857,1.0,False
background_positive_housekeeping,APP,11.729136675078637,11.73168862718718,-0.0025519521085435315,1.0,0.02857142857142857,1.0,False
background_positive_housekeeping,PPBP,1.7161062596973764,2.6633246973971048,-0.9472184376997284,0.638888888888889,-0.2,0.7484478698351531,False
background_positive_housekeeping,ARHGDIB,9.279199888526131,8.176190633124367,1.1030092554017639,0.005050505050505051,0.9428571428571428,0.09595959595959598,False
background_positive_housekeeping,PLAUR,2.1679961007456496,1.7904332006263264,0.37756290011932325,0.638888888888889,0.2,0.7484478698351531,False
background_positive_housekeeping,ATG7,7.200050282514216,7.117923529082765,0.08212675343145026,0.7550505050505051,0.14285714285714285,0.8331591779867642,False
background_positive_housekeeping,IL3,1.1329010211831465,-0.3417386265687868,1.4746396477519332,0.04797979797979798,0.7142857142857143,0.13825458375221408,False
background_positive_housekeeping,TNFRSF13B,1.1329010211831465,-1.6335135557715017,2.766414576954648,0.01767676767676768,0.8285714285714286,0.09595959595959598,False
background_positive_housekeeping,CLEC7A,3.55760407176188,3.5839297131286028,-0.026325641366722774,0.8762626262626263,-0.08571428571428572,0.9233408609491799,False
background_positive_housekeeping,CSF1,5.446544134253905,4.764584143868057,0.681959990385848,0.3434343434343435,0.37142857142857144,0.4745638200183655,False
background_positive_housekeeping,ICAM4,1.5517730850251605,0.4851020295490411,1.0666710554761194,0.04797979797979798,0.7142857142857143,0.13825458375221408,False
background_positive_housekeeping,TAP1,5.103172965086226,4.695657555173143,0.4075154099130831,1.0,0.02857142857142857,1.0,False
background_positive_housekeeping,MME,8.863115490071113,9.284362686984158,-0.42124719691304513,0.4318181818181819,-0.3142857142857143,0.5658307210031348,False
background_positive_housekeeping,IL1A,1.1329010211831465,-0.3017716855327375,1.434672706715884,0.26767676767676774,0.42857142857142855,0.40085584913171124,False
background_positive_housekeeping,TNFSF10,10.221016465284947,9.29001514232489,0.9310013229600571,0.04797979797979798,0.7142857142857143,0.13825458375221408,False
background_positive_housekeeping,HAVCR2,6.438347868063961,6.194755413030033,0.24359245503392835,0.8762626262626263,-0.08571428571428572,0.9233408609491799,False
background_positive_housekeeping,TNFAIP3,5.912486662806967,5.496760056825796,0.4157266059811713,0.638888888888889,0.2,0.7484478698351531,False
background_positive_housekeeping,CD82,5.423581246422413,5.182705185055113,0.24087606136729978,0.5303030303030304,0.2571428571428571,0.6620620994337628,False
background_positive_housekeeping,CUL9,6.977551235109706,6.735142898080726,0.24240833702898001,0.3434343434343435,0.37142857142857144,0.4745638200183655,False
background_positive_housekeeping,ETS1,8.49257957342584,8.135441630152547,0.3571379432732922,0.10606060606060606,0.6,0.22626262626262625,False
background_positive_housekeeping,CD5,4.090417225043452,2.4334638263221895,1.6569533987212623,0.148989898989899,0.5428571428571428,0.27533695618802007,False
background_positive_housekeeping,ABCB1,9.547117946188603,9.334628235337734,0.21248971085086943,0.07323232323232323,0.6571428571428571,0.18099696148476638,False
background_positive_housekeeping,LILRA3,1.1329010211831465,-0.25238810897781966,1.3852891301609662,0.04797979797979798,0.7142857142857143,0.13825458375221408,False
background_positive_housekeeping,FCER1A,6.513455721196324,4.414650973220758,2.0988047479755663,0.07323232323232323,0.6571428571428571,0.18099696148476638,False
background_positive_housekeeping,CCR1,4.911760341341504,4.338383269341569,0.5733770719999347,0.4318181818181819,0.3142857142857143,0.5658307210031348,False
background_positive_housekeeping,CFI,10.642134523022033,10.085033056207333,0.5571014668147001,0.04797979797979798,0.7142857142857143,0.13825458375221408,False
background_positive_housekeeping,SYK,6.196145618787104,5.9459598033344445,0.2501858154526593,1.0,0.02857142857142857,1.0,False
background_positive_housekeeping,TLR3,5.974185642833809,6.017553010130216,-0.043367367296407444,0.8762626262626263,-0.08571428571428572,0.9233408609491799,False
background_positive_housekeeping,HLA-DOB,4.598777391567199,3.3951093286179335,1.2036680629492658,0.01767676767676768,0.8285714285714286,0.09595959595959598,False
background_positive_housekeeping,NCAM1,3.986590263129947,4.439656136251718,-0.45306587312177093,0.3434343434343435,-0.37142857142857144,0.4745638200183655,False
background_positive_housekeeping,HAMP,1.1329010211831465,-1.6335135557715017,2.766414576954648,0.01767676767676768,0.8285714285714286,0.09595959595959598,False
background_positive_housekeeping,LILRB5,4.461916762380882,3.5480910675965474,0.9138256947843351,0.030303030303030304,0.7714285714285715,0.11660912926735713,False
background_positive_housekeeping,CD27,3.969511526011878,1.8610133731928933,2.1084981528189846,0.030303030303030304,0.7714285714285715,0.11660912926735713,False
background_positive_housekeeping,TNF,2.868714919252239,2.1183037195686247,0.7504111996836142,0.638888888888889,0.2,0.7484478698351531,False
background_positive_housekeeping,BCL2L11,5.803819059812709,5.809549010270114,-0.005729950457404875,0.638888888888889,-0.2,0.7484478698351531,False
background_positive_housekeeping,FYN,7.200050282514216,6.798100482637559,0.4019497998766566,0.01767676767676768,0.8285714285714286,0.09595959595959598,False
background_positive_housekeeping,B3GAT1,1.1329010211831465,-0.25238810897781966,1.3852891301609662,0.20202020202020204,0.4857142857142857,0.33651584336515844,False
background_positive_housekeeping,PLA2G2E,1.1329010211831465,-0.3417386265687868,1.4746396477519332,0.10606060606060606,0.6,0.22626262626262625,False
background_positive_housekeeping,HLA-DRB3,10.914219546868884,9.672880450693949,1.2413390961749347,0.010101010101010102,0.8857142857142857,0.09595959595959598,False
background_positive_housekeeping,CD3E,4.236403195928278,2.476755266861937,1.7596479290663414,0.26767676767676774,0.42857142857142855,0.40085584913171124,False
background_positive_housekeeping,PRF1,4.236403195928278,3.405073796538624,0.831329399389654,0.148989898989899,0.5428571428571428,0.27533695618802007,False
background_positive_housekeeping,BCL6,6.870380321857698,7.197067785899177,-0.32668746404147964,0.04797979797979798,-0.7142857142857143,0.13825458375221408,False
background_positive_housekeeping,CD79A,4.438195099701943,1.5118722543722436,2.9263228453296994,0.07323232323232323,0.6571428571428571,0.18099696148476638,False
background_positive_housekeeping,PYCARD,4.141755151769428,2.7490034342248078,1.3927517175446202,0.3434343434343435,0.37142857142857144,0.4745638200183655,False
background_positive_housekeeping,CYBB,7.726548597593577,6.156180774270692,1.5703678233228846,0.005050505050505051,0.9428571428571428,0.09595959595959598,False
background_positive_housekeeping,CD53,7.70513545727013,6.194755413030033,1.5103800442400965,0.10606060606060606,0.6,0.22626262626262625,False
background_positive_housekeeping,CR1,5.492607954248036,5.1146609208089675,0.3779470334390682,1.0,0.02857142857142857,1.0,False
background_positive_housekeeping,MBP,7.657235062440912,7.2439239001004765,0.4133111623404355,0.5303030303030304,0.2571428571428571,0.6620620994337628,False
background_positive_housekeeping,EOMES,1.1329010211831465,-1.6335135557715017,2.766414576954648,0.01767676767676768,0.8285714285714286,0.09595959595959598,False
background_positive_housekeeping,MR1,2.978881361803947,3.405073796538624,-0.42619243473467705,0.8762626262626263,-0.08571428571428572,0.9233408609491799,False
background_positive_housekeeping,NOTCH1,7.979008773340251,7.617623871340535,0.36138490199971596,0.07323232323232323,0.6571428571428571,0.18099696148476638,False
background_positive_housekeeping,CAMP,1.1329010211831465,-1.6335135557715017,2.766414576954648,0.01767676767676768,0.8285714285714286,0.09595959595959598,False
background_positive_housekeeping,JAK1,8.84060006943141,8.518006687199502,0.3225933822319078,0.010101010101010102,0.8857142857142857,0.09595959595959598,False
background_positive_housekeeping,FCGR2B,6.2227027854029044,4.53428387078821,1.6884189146146946,0.148989898989899,0.5428571428571428,0.27533695618802007,False
background_positive_housekeeping,BST1,5.890417639208393,5.876426643538826,0.013990995669566963,0.7550505050505051,0.14285714285714285,0.8331591779867642,False
background_positive_housekeeping,SPP1,14.252746149582723,13.323600771398361,0.9291453781843622,0.07323232323232323,0.6571428571428571,0.18099696148476638,False
background_positive_housekeeping,CD45RB,4.41446156830778,3.293235999678887,1.1212255686288928,0.10606060606060606,0.6,0.22626262626262625,False
background_positive_housekeeping,MARCO,3.986590263129947,1.6683703131070204,2.318219950022926,0.10606060606060606,0.6,0.22626262626262625,False
background_positive_housekeeping,IL22RA2,1.1329010211831465,-1.6335135557715017,2.766414576954648,0.01767676767676768,0.8285714285714286,0.09595959595959598,False
background_positive_housekeeping,SELL,5.515099812941137,3.494122558220096,2.020977254721041,0.01767676767676768,0.8285714285714286,0.09595959595959598,False
background_positive_housekeeping,CD3D,4.438195099701943,3.3302715225308748,1.1079235771710683,0.26767676767676774,0.42857142857142855,0.40085584913171124,False
background_positive_housekeeping,IL2RA,4.2632255568112765,2.9168525645848447,1.3463729922264318,0.638888888888889,0.2,0.7484478698351531,False
background_positive_housekeeping,TRAF1,5.5705706804454,4.801107125719002,0.7694635547263973,0.10606060606060606,0.6,0.22626262626262625,False
background_positive_housekeeping,STAT3,10.117789587136885,9.722191470344649,0.395598116792236,0.030303030303030304,0.7714285714285715,0.11660912926735713,False
background_positive_housekeeping,FOXP3,1.7161062596973764,0.7645274526086459,0.9515788070887305,0.07323232323232323,0.6571428571428571,0.18099696148476638,False
background_positive_housekeeping,TLR7,2.122847836454847,0.21912558110347705,1.9037222553513697,0.07323232323232323,0.6571428571428571,0.18099696148476638,False
background_positive_housekeeping,ITGAM,5.837097329407124,4.5865446321090575,1.2505526972980663,0.26767676767676774,0.42857142857142855,0.40085584913171124,False
background_positive_housekeeping,CR2,1.4268253981034018,2.7149963419485545,-1.2881709438451527,0.638888888888889,-0.2,0.7484478698351531,False
background_positive_housekeeping,LY96,4.090417225043452,3.6471552275386725,0.44326199750477935,1.0,-0.02857142857142857,1.0,False
background_positive_housekeeping,CCL23,1.1329010211831465,-0.1258949857829005,1.258796006966047,0.4318181818181819,0.3142857142857143,0.5658307210031348,False
background_positive_housekeeping,IL11RA,4.560738435451664,5.151394356998293,-0.5906559215466292,0.5303030303030304,-0.2571428571428571,0.6620620994337628,False
background_positive_housekeeping,TCF4,7.2193138044671015,6.497164437501243,0.7221493669658585,0.10606060606060606,0.6,0.22626262626262625,False
background_positive_housekeeping,IRGM,1.1329010211831465,-1.6335135557715017,2.766414576954648,0.01767676767676768,0.8285714285714286,0.09595959595959598,False
background_positive_housekeeping,IL23R,1.4268253981034018,0.21912558110347705,1.2076998169999247,0.26767676767676774,0.42857142857142855,0.40085584913171124,False
background_positive_housekeeping,IL1B,3.7296569948955045,2.4334638263221895,1.296193168573315,0.26767676767676774,0.42857142857142855,0.40085584913171124,False
background_positive_housekeeping,RARRES3,8.81499253047991,7.759986792522189,1.055005737957722,0.10606060606060606,0.6,0.22626262626262625,False
background_positive_housekeeping,C3,8.192070069391525,6.9557397440307485,1.2363303253607762,0.04797979797979798,0.7142857142857143,0.13825458375221408,False
background_positive_housekeeping,CCR2,5.697080931457704,3.3769760108685505,2.320104920589153,0.01767676767676768,0.8285714285714286,0.09595959595959598,True
background_positive_housekeeping,KLRF2,1.1329010211831465,-1.6335135557715017,2.766414576954648,0.01767676767676768,0.8285714285714286,0.09595959595959598,False
background_positive_housekeeping,IL13RA1,8.44672883057728,8.298007460720243,0.14872136985703754,0.148989898989899,0.5428571428571428,0.27533695618802007,False
background_positive_housekeeping,IFNA1/13,1.4268253981034018,0.21912558110347705,1.2076998169999247,0.7550505050505051,0.14285714285714285,0.8331591779867642,False
background_positive_housekeeping,CCL20,4.418890025609314,2.2128949133515152,2.2059951122577988,0.07323232323232323,0.6571428571428571,0.18099696148476638,False
background_positive_housekeeping,FCAR,1.1329010211831465,-1.6335135557715017,2.766414576954648,0.01767676767676768,0.8285714285714286,0.09595959595959598,False
background_positive_housekeeping,CHUK,7.037045935604133,7.246738630075638,-0.20969269447150474,0.20202020202020204,-0.4857142857142857,0.33651584336515844,False
background_positive_housekeeping,PRDM1,4.418890025609314,3.9419195255998076,0.47697050000950636,0.3434343434343435,0.37142857142857144,0.4745638200183655,False
background_positive_housekeeping,IFIH1,5.7326592546412245,5.490039112023053,0.2426201426181711,0.20202020202020204,0.4857142857142857,0.33651584336515844,False
background_positive_housekeeping,CASP10,1.1329010211831465,0.07616070131411562,1.0567403198690308,0.148989898989899,0.5428571428571428,0.27533695618802007,False
background_positive_housekeeping,LILRB1,5.272253823335513,3.552935717460023,1.7193181058754896,0.07323232323232323,0.6571428571428571,0.18099696148476638,False
background_positive_housekeeping,ZEB1,5.434794645320252,5.5490880702434895,-0.11429342492323791,1.0,-0.02857142857142857,1.0,False
background_positive_housekeeping,IL8,3.0421993423339226,3.2460022971296847,-0.20380295479576205,1.0,0.02857142857142857,1.0,False
background_positive_housekeeping,ICAM5,1.1329010211831465,-0.3417386265687868,1.4746396477519332,0.030303030303030304,0.7714285714285715,0.11660912926735713,False
background_positive_housekeeping,IRAK4,6.285628774198338,5.995165470065597,0.29046330413274113,0.20202020202020204,0.4857142857142857,0.33651584336515844,False
background_positive_housekeeping,CARD9,1.4268253981034018,1.6683703131070204,-0.24154491500361863,0.7550505050505051,0.14285714285714285,0.8331591779867642,False
background_positive_housekeeping,TAP2,5.871633332674809,5.5725988871726635,0.2990344455021452,0.638888888888889,0.2,0.7484478698351531,False
background_positive_housekeeping,CTSS,8.876547115340976,7.808894209453052,1.0676529058879245,0.005050505050505051,0.9428571428571428,0.09595959595959598,False
background_positive_housekeeping,BST2,7.163454519563948,6.255644003645961,0.907810515917987,0.030303030303030304,0.7714285714285715,0.11660912926735713,False
background_positive_housekeeping,SELE,1.997440423958748,1.3654369428459656,0.6320034811127824,0.4318181818181819,0.3142857142857143,0.5658307210031348,False
background_positive_housekeeping,STAT5B,7.394790484164818,7.512259517339625,-0.11746903317480673,0.8762626262626263,-0.08571428571428572,0.9233408609491799,False
background_positive_housekeeping,CD22,5.278449157772881,3.8265484607959617,1.4519006969769195,0.01767676767676768,0.8285714285714286,0.09595959595959598,False
background_positive_housekeeping,CD81,11.433285940208135,11.07795757285763,0.35532836735050566,0.5303030303030304,0.2571428571428571,0.6620620994337628,False
background_positive_housekeeping,SRC,7.8867382378733355,7.861751330608066,0.02498690726526931,0.7550505050505051,0.14285714285714285,0.8331591779867642,False
background_positive_housekeeping,PLAU,7.441565479805096,7.379552860964147,0.06201261884094844,1.0,0.02857142857142857,1.0,False
background_positive_housekeeping,FN1,9.166795832845185,8.391397040718518,0.7753987921266674,0.638888888888889,0.2,0.7484478698351531,False
background_positive_housekeeping,CSF3R,4.838795862760037,3.9606879846762846,0.8781078780837523,0.10606060606060606,0.6,0.22626262626262625,False
background_positive_housekeeping,CCL2,8.574316557481419,6.375580709980675,2.1987358475007435,0.07323232323232323,0.6571428571428571,0.18099696148476638,False
background_positive_housekeeping,CTLA4_all,2.122847836454847,-0.30172104281680623,2.424568879271653,0.0025252525252525255,1.0,0.09595959595959598,False
background_positive_housekeeping,SLAMF1,3.057240802503172,0.07616070131411562,2.9810801011890566,0.04797979797979798,0.7142857142857143,0.13825458375221408,False
background_positive_housekeeping,FADD,4.686271132269876,4.394853800116802,0.29141733215307397,0.638888888888889,0.2,0.7484478698351531,False
background_positive_housekeeping,CASP3,4.911760341341504,5.202800307031849,-0.29103996569034507,0.148989898989899,-0.5428571428571428,0.27533695618802007,False
background_positive_housekeeping,CASP1,4.187711929829669,3.7032403524150252,0.4844715774146442,0.4318181818181819,0.3142857142857143,0.5658307210031348,False
background_positive_housekeeping,ICAM2,5.311716167885549,5.321002952295247,-0.009286784409698434,0.8762626262626263,0.08571428571428572,0.9233408609491799,False
background_positive_housekeeping,CD8A,2.122847836454847,1.5214317927736698,0.6014160436811771,0.7550505050505051,0.14285714285714285,0.8331591779867642,False
background_positive_housekeeping,LILRB4,6.021161300601372,4.593401463493081,1.4277598371082902,0.01767676767676768,0.8285714285714286,0.09595959595959598,False
background_positive_housekeeping,CD97,7.744746734158851,6.94787620712388,0.7968705270349714,0.20202020202020204,0.4857142857142857,0.33651584336515844,False
background_positive_housekeeping,POS_C(8),11.271235864209396,8.193465244287319,3.0777706199220773,0.01767676767676768,0.8285714285714286,0.09595959595959598,False
background_positive_housekeeping,POS_A(128),14.661727387232844,11.738572128327695,2.9231552589051493,0.030303030303030304,0.7714285714285715,0.11660912926735713,False
background_positive_housekeeping,POS_F(0.125),3.533321185905125,1.7269728780783207,1.8063483078268043,0.20202020202020204,0.4857142857142857,0.33651584336515844,False
background_positive_housekeeping,POS_D(2),9.069828934506855,6.219926192717357,2.8499027417894984,0.01767676767676768,0.8285714285714286,0.09595959595959598,False
background_positive_housekeeping,POS_B(32),13.080190665642945,9.95232869447949,3.1278619711634548,0.01767676767676768,0.8285714285714286,0.09595959595959598,False
background_positive_housekeeping,POS_E(0.5),6.36400817282111,3.6981511659837047,2.6658570068374057,0.030303030303030304,0.7714285714285715,0.11660912926735713,False
background_positive_housekeeping,NEG_C(0),1.1329010211831465,-1.6335135557715017,2.766414576954648,0.01767676767676768,0.8285714285714286,0.09595959595959598,False
background_positive_housekeeping,NEG_D(0),1.1329010211831465,-1.6335135557715017,2.766414576954648,0.01767676767676768,0.8285714285714286,0.09595959595959598,False
background_positive_housekeeping,NEG_E(0),1.1329010211831465,-1.6335135557715017,2.766414576954648,0.01767676767676768,0.8285714285714286,0.09595959595959598,False
background_positive_housekeeping,NEG_A(0),1.1329010211831465,-1.6335135557715017,2.766414576954648,0.01767676767676768,0.8285714285714286,0.09595959595959598,False
background_positive_housekeeping,NEG_H(0),1.1329010211831465,-1.6335135557715017,2.766414576954648,0.01767676767676768,0.8285714285714286,0.09595959595959598,False
background_positive_housekeeping,NEG_G(0),1.1329010211831465,-1.6335135557715017,2.766414576954648,0.01767676767676768,0.8285714285714286,0.09595959595959598,False
background_positive_housekeeping,NEG_F(0),1.202257690843005,-1.6335135557715017,2.835771246614507,0.01767676767676768,0.8285714285714286,0.09595959595959598,False
background_positive_housekeeping,NEG_B(0),1.1329010211831465,-1.6335135557715017,2.766414576954648,0.01767676767676768,0.8285714285714286,0.09595959595959598,False
background_positive_housekeeping,EEF1G,11.542620738962714,11.609707957315306,-0.0670872183525919,0.3434343434343435,-0.37142857142857144,0.4745638200183655,False
background_positive_housekeeping,TUBB,9.010119768113634,8.748448245773435,0.2616715223401993,0.3434343434343435,0.37142857142857144,0.4745638200183655,False
background_positive_housekeeping,TBP,6.74994518065071,6.68902273100616,0.06092244964454974,1.0,0.02857142857142857,1.0,False
background_positive_housekeeping,POLR2A,9.06184059864277,9.28032644088076,-0.21848584223799072,0.8762626262626263,-0.08571428571428572,0.9233408609491799,False
background_positive_housekeeping,GUSB,6.976398751231787,7.148734026011686,-0.17233527477989963,0.8762626262626263,-0.08571428571428572,0.9233408609491799,False
background_positive_housekeeping,HPRT1,7.979235803891621,8.070529123606214,-0.09129331971459287,0.3434343434343435,-0.37142857142857144,0.4745638200183655,False
background_positive_housekeeping,GAPDH,12.358138136538535,12.977869220695107,-0.6197310841565713,0.0025252525252525255,-1.0,0.09595959595959598,False
background_positive_housekeeping,SDHA,8.366735146905409,8.833257257954816,-0.46652211104940733,0.26767676767676774,-0.42857142857142855,0.40085584913171124,False
background_positive_housekeeping,OAZ1,10.540273422058645,10.623458597645142,-0.08318517558649674,0.4318181818181819,-0.3142857142857143,0.5658307210031348,False
background_positive_housekeeping,PPIA,7.2193138044671015,6.980443057008245,0.23887074745885606,0.20202020202020204,0.4857142857142857,0.33651584336515844,False
background_positive_housekeeping,G6PD,7.368818776775731,6.813489011179455,0.5553297655962757,0.5303030303030304,0.2571428571428571,0.6620620994337628,False
background_positive_housekeeping,RPL19,13.20489229960833,12.866502215482262,0.3383900841260683,0.07323232323232323,0.6571428571428571,0.18099696148476638,False
background_positive_housekeeping,POLR1B,5.603437731311255,5.635808303104663,-0.03237057179340841,0.7550505050505051,-0.14285714285714285,0.8331591779867642,False
background_positive_housekeeping,ABCF1,7.48932886193015,7.343558785448826,0.14577007648132412,0.7550505050505051,-0.14285714285714285,0.8331591779867642,False
background_positive_housekeeping,ALAS1,7.206532933532412,7.309514929872354,-0.10298199633994187,0.3434343434343435,-0.37142857142857144,0.4745638200183655,False
